Year,Age,Sex,Country,Region,Police Force Area,Unit measure,Unit multiplier,Observation status,GeoCode,Value
2008/09,,,,,,"Rate per 100,000 population",Units,Undefined,,1.16152278
2008/09,,Male,,,,"Rate per 100,000 population",Units,Undefined,,1.63854025
2008/09,,Female,,,,"Rate per 100,000 population",Units,Undefined,,0.701814692
2008/09,Under 1,Male,,,,"Rate per 100,000 population",Units,Undefined,,2.7770063869999997
2008/09,Under 1,Female,,,,"Rate per 100,000 population",Units,Undefined,,1.7477424990000001
2008/09,Under 1,,,,,"Rate per 100,000 population",Units,Undefined,,2.2746659080000002
2008/09,1 to 4,Male,,,,"Rate per 100,000 population",Units,Undefined,,0.449438202
2008/09,1 to 4,Female,,,,"Rate per 100,000 population",Units,Undefined,,0.628091387
2008/09,1 to 4,,,,,"Rate per 100,000 population",Units,Undefined,,0.536665772
2008/09,5 to 15,Male,,,,"Rate per 100,000 population",Units,Undefined,,0.24764053600000002
2008/09,5 to 15,Female,,,,"Rate per 100,000 population",Units,Undefined,,0.17313519
2008/09,5 to 15,,,,,"Rate per 100,000 population",Units,Undefined,,0.211273557
2008/09,16 to 24,Male,,,,"Rate per 100,000 population",Units,Undefined,,3.1647495589999997
2008/09,16 to 24,Female,,,,"Rate per 100,000 population",Units,Undefined,,0.8347503479999999
2008/09,16 to 24,,,,,"Rate per 100,000 population",Units,Undefined,,2.008986765
2008/09,25 to 34,Male,,,,"Rate per 100,000 population",Units,Undefined,,2.622425882
2008/09,25 to 34,Female,,,,"Rate per 100,000 population",Units,Undefined,,0.8
2008/09,25 to 34,,,,,"Rate per 100,000 population",Units,Undefined,,1.710911198
2008/09,35 to 44,Male,,,,"Rate per 100,000 population",Units,Undefined,,2.143332266
2008/09,35 to 44,Female,,,,"Rate per 100,000 population",Units,Undefined,,0.87533737
2008/09,35 to 44,,,,,"Rate per 100,000 population",Units,Undefined,,1.505176338
2008/09,45 to 54,Male,,,,"Rate per 100,000 population",Units,Undefined,,2.06450173
2008/09,45 to 54,Female,,,,"Rate per 100,000 population",Units,Undefined,,0.796462607
2008/09,45 to 54,,,,,"Rate per 100,000 population",Units,Undefined,,1.425506885
2008/09,55 to 64,Male,,,,"Rate per 100,000 population",Units,Undefined,,1.034677369
2008/09,55 to 64,Female,,,,"Rate per 100,000 population",Units,Undefined,,0.36514118799999995
2008/09,55 to 64,,,,,"Rate per 100,000 population",Units,Undefined,,0.694894839
2008/09,65 to 74,Male,,,,"Rate per 100,000 population",Units,Undefined,,0.734585189
2008/09,65 to 74,Female,,,,"Rate per 100,000 population",Units,Undefined,,0.7144358059999999
2008/09,65 to 74,,,,,"Rate per 100,000 population",Units,Undefined,,0.724065298
2008/09,75 and over,Male,,,,"Rate per 100,000 population",Units,Undefined,,0.42042042
2008/09,75 and over,Female,,,,"Rate per 100,000 population",Units,Undefined,,1.013289684
2008/09,75 and over,,,,,"Rate per 100,000 population",Units,Undefined,,0.7799758920000001
2009/10,,,,,,"Rate per 100,000 population",Units,Undefined,,1.077209683
2009/10,,Male,,,,"Rate per 100,000 population",Units,Undefined,,1.4822025090000002
2009/10,,Female,,,,"Rate per 100,000 population",Units,Undefined,,0.686502926
2009/10,Under 1,Male,,,,"Rate per 100,000 population",Units,Undefined,,2.520302436
2009/10,Under 1,Female,,,,"Rate per 100,000 population",Units,Undefined,,3.228646903
2009/10,Under 1,,,,,"Rate per 100,000 population",Units,Undefined,,2.86615076
2009/10,1 to 4,Male,,,,"Rate per 100,000 population",Units,Undefined,,0.43668122299999995
2009/10,1 to 4,Female,,,,"Rate per 100,000 population",Units,Undefined,,0.76178868
2009/10,1 to 4,,,,,"Rate per 100,000 population",Units,Undefined,,0.59552611
2009/10,5 to 15,Male,,,,"Rate per 100,000 population",Units,Undefined,,0.193098121
2009/10,5 to 15,Female,,,,"Rate per 100,000 population",Units,Undefined,,0.086921249
2009/10,5 to 15,,,,,"Rate per 100,000 population",Units,Undefined,,0.141312796
2009/10,16 to 24,Male,,,,"Rate per 100,000 population",Units,Undefined,,2.766209685
2009/10,16 to 24,Female,,,,"Rate per 100,000 population",Units,Undefined,,0.615801466
2009/10,16 to 24,,,,,"Rate per 100,000 population",Units,Undefined,,1.69789675
2009/10,25 to 34,Male,,,,"Rate per 100,000 population",Units,Undefined,,2.377633844
2009/10,25 to 34,Female,,,,"Rate per 100,000 population",Units,Undefined,,0.874986328
2009/10,25 to 34,,,,,"Rate per 100,000 population",Units,Undefined,,1.6265052009999998
2009/10,35 to 44,Male,,,,"Rate per 100,000 population",Units,Undefined,,1.896207585
2009/10,35 to 44,Female,,,,"Rate per 100,000 population",Units,Undefined,,1.1564391520000001
2009/10,35 to 44,,,,,"Rate per 100,000 population",Units,Undefined,,1.5237481730000002
2009/10,45 to 54,Male,,,,"Rate per 100,000 population",Units,Undefined,,1.661944202
2009/10,45 to 54,Female,,,,"Rate per 100,000 population",Units,Undefined,,0.563350055
2009/10,45 to 54,,,,,"Rate per 100,000 population",Units,Undefined,,1.108392695
2009/10,55 to 64,Male,,,,"Rate per 100,000 population",Units,Undefined,,1.24933629
2009/10,55 to 64,Female,,,,"Rate per 100,000 population",Units,Undefined,,0.48474566
2009/10,55 to 64,,,,,"Rate per 100,000 population",Units,Undefined,,0.8612204720000001
2009/10,65 to 74,Male,,,,"Rate per 100,000 population",Units,Undefined,,0.535451341
2009/10,65 to 74,Female,,,,"Rate per 100,000 population",Units,Undefined,,0.41023958
2009/10,65 to 74,,,,,"Rate per 100,000 population",Units,Undefined,,0.47021608600000003
2009/10,75 and over,Male,,,,"Rate per 100,000 population",Units,Undefined,,0.766690257
2009/10,75 and over,Female,,,,"Rate per 100,000 population",Units,Undefined,,0.8937245
2009/10,75 and over,,,,,"Rate per 100,000 population",Units,Undefined,,0.843269073
2010/11,,,,,,"Rate per 100,000 population",Units,Undefined,,1.134806787
2010/11,,Male,,,,"Rate per 100,000 population",Units,Undefined,,1.578214791
2010/11,,Female,,,,"Rate per 100,000 population",Units,Undefined,,0.7062246640000001
2010/11,Under 1,Male,,,,"Rate per 100,000 population",Units,Undefined,,2.760143527
2010/11,Under 1,Female,,,,"Rate per 100,000 population",Units,Undefined,,2.027809965
2010/11,Under 1,,,,,"Rate per 100,000 population",Units,Undefined,,2.402826855
2010/11,1 to 4,Male,,,,"Rate per 100,000 population",Units,Undefined,,0.639795266
2010/11,1 to 4,Female,,,,"Rate per 100,000 population",Units,Undefined,,0.521687286
2010/11,1 to 4,,,,,"Rate per 100,000 population",Units,Undefined,,0.58213571
2010/11,5 to 15,Male,,,,"Rate per 100,000 population",Units,Undefined,,0.414926281
2010/11,5 to 15,Female,,,,"Rate per 100,000 population",Units,Undefined,,0.232247576
2010/11,5 to 15,,,,,"Rate per 100,000 population",Units,Undefined,,0.32579288100000003
2010/11,16 to 24,Male,,,,"Rate per 100,000 population",Units,Undefined,,2.488755622
2010/11,16 to 24,Female,,,,"Rate per 100,000 population",Units,Undefined,,0.6753852770000001
2010/11,16 to 24,,,,,"Rate per 100,000 population",Units,Undefined,,1.592743159
2010/11,25 to 34,Male,,,,"Rate per 100,000 population",Units,Undefined,,2.268431002
2010/11,25 to 34,Female,,,,"Rate per 100,000 population",Units,Undefined,,1.0496003440000001
2010/11,25 to 34,,,,,"Rate per 100,000 population",Units,Undefined,,1.657972421
2010/11,35 to 44,Male,,,,"Rate per 100,000 population",Units,Undefined,,2.233219135
2010/11,35 to 44,Female,,,,"Rate per 100,000 population",Units,Undefined,,1.150201285
2010/11,35 to 44,,,,,"Rate per 100,000 population",Units,Undefined,,1.6876999419999998
2010/11,45 to 54,Male,,,,"Rate per 100,000 population",Units,Undefined,,1.83515519
2010/11,45 to 54,Female,,,,"Rate per 100,000 population",Units,Undefined,,0.49739522
2010/11,45 to 54,,,,,"Rate per 100,000 population",Units,Undefined,,1.1609805009999998
2010/11,55 to 64,Male,,,,"Rate per 100,000 population",Units,Undefined,,1.275708641
2010/11,55 to 64,Female,,,,"Rate per 100,000 population",Units,Undefined,,0.543625985
2010/11,55 to 64,,,,,"Rate per 100,000 population",Units,Undefined,,0.904214559
2010/11,65 to 74,Male,,,,"Rate per 100,000 population",Units,Undefined,,0.7396771529999999
2010/11,65 to 74,Female,,,,"Rate per 100,000 population",Units,Undefined,,0.602603246
2010/11,65 to 74,,,,,"Rate per 100,000 population",Units,Undefined,,0.6684073110000001
2010/11,75 and over,Male,,,,"Rate per 100,000 population",Units,Undefined,,0.920598389
2010/11,75 and over,Female,,,,"Rate per 100,000 population",Units,Undefined,,0.732064422
2010/11,75 and over,,,,,"Rate per 100,000 population",Units,Undefined,,0.8076798820000001
2011/12,,,,,,"Rate per 100,000 population",Units,Undefined,,0.93642627
2011/12,,Male,,,,"Rate per 100,000 population",Units,Undefined,,1.284486658
2011/12,,Female,,,,"Rate per 100,000 population",Units,Undefined,,0.595790912
2011/12,Under 1,Male,,,,"Rate per 100,000 population",Units,Undefined,,1.36425648
2011/12,Under 1,Female,,,,"Rate per 100,000 population",Units,Undefined,,2.579535684
2011/12,Under 1,,,,,"Rate per 100,000 population",Units,Undefined,,2.096729103
2011/12,1 to 4,Male,,,,"Rate per 100,000 population",Units,Undefined,,0.7699307059999999
2011/12,1 to 4,Female,,,,"Rate per 100,000 population",Units,Undefined,,0.513610683
2011/12,1 to 4,,,,,"Rate per 100,000 population",Units,Undefined,,0.644791517
2011/12,5 to 15,Male,,,,"Rate per 100,000 population",Units,Undefined,,0.193039546
2011/12,5 to 15,Female,,,,"Rate per 100,000 population",Units,Undefined,,0.202751629
2011/12,5 to 15,,,,,"Rate per 100,000 population",Units,Undefined,,0.197776428
2011/12,16 to 24,Male,,,,"Rate per 100,000 population",Units,Undefined,,1.925811804
2011/12,16 to 24,Female,,,,"Rate per 100,000 population",Units,Undefined,,1.007941356
2011/12,16 to 24,,,,,"Rate per 100,000 population",Units,Undefined,,1.4738615169999998
2011/12,25 to 34,Male,,,,"Rate per 100,000 population",Units,Undefined,,2.120497257
2011/12,25 to 34,Female,,,,"Rate per 100,000 population",Units,Undefined,,0.768293329
2011/12,25 to 34,,,,,"Rate per 100,000 population",Units,Undefined,,1.444225087
2011/12,35 to 44,Male,,,,"Rate per 100,000 population",Units,Undefined,,2.247365158
2011/12,35 to 44,Female,,,,"Rate per 100,000 population",Units,Undefined,,0.662217921
2011/12,35 to 44,,,,,"Rate per 100,000 population",Units,Undefined,,1.449201016
2011/12,45 to 54,Male,,,,"Rate per 100,000 population",Units,Undefined,,1.017506327
2011/12,45 to 54,Female,,,,"Rate per 100,000 population",Units,Undefined,,0.640237656
2011/12,45 to 54,,,,,"Rate per 100,000 population",Units,Undefined,,0.82711917
2011/12,55 to 64,Male,,,,"Rate per 100,000 population",Units,Undefined,,1.02189329
2011/12,55 to 64,Female,,,,"Rate per 100,000 population",Units,Undefined,,0.270424567
2011/12,55 to 64,,,,,"Rate per 100,000 population",Units,Undefined,,0.640497758
2011/12,65 to 74,Male,,,,"Rate per 100,000 population",Units,Undefined,,0.552509669
2011/12,65 to 74,Female,,,,"Rate per 100,000 population",Units,Undefined,,0.314700445
2011/12,65 to 74,,,,,"Rate per 100,000 population",Units,Undefined,,0.42900919299999996
2011/12,75 and over,Male,,,,"Rate per 100,000 population",Units,Undefined,,0.841798081
2011/12,75 and over,Female,,,,"Rate per 100,000 population",Units,Undefined,,0.649003589
2011/12,75 and over,,,,,"Rate per 100,000 population",Units,Undefined,,0.727057915
2012/13,,,,,,"Rate per 100,000 population",Units,Undefined,,0.961674445
2012/13,,Male,,,,"Rate per 100,000 population",Units,Undefined,,1.3468134390000002
2012/13,,Female,,,,"Rate per 100,000 population",Units,Undefined,,0.588347926
2012/13,Under 1,Male,,,,"Rate per 100,000 population",Units,Undefined,,2.6673779669999997
2012/13,Under 1,Female,,,,"Rate per 100,000 population",Units,Undefined,,3.360403248
2012/13,Under 1,,,,,"Rate per 100,000 population",Units,Undefined,,3.005464481
2012/13,1 to 4,Male,,,,"Rate per 100,000 population",Units,Undefined,,0.962728648
2012/13,1 to 4,Female,,,,"Rate per 100,000 population",Units,Undefined,,0.576742845
2012/13,1 to 4,,,,,"Rate per 100,000 population",Units,Undefined,,0.7742934570000001
2012/13,5 to 15,Male,,,,"Rate per 100,000 population",Units,Undefined,,0.384383065
2012/13,5 to 15,Female,,,,"Rate per 100,000 population",Units,Undefined,,0.259261393
2012/13,5 to 15,,,,,"Rate per 100,000 population",Units,Undefined,,0.323324336
2012/13,16 to 24,Male,,,,"Rate per 100,000 population",Units,Undefined,,2.011536755
2012/13,16 to 24,Female,,,,"Rate per 100,000 population",Units,Undefined,,0.5834484879999999
2012/13,16 to 24,,,,,"Rate per 100,000 population",Units,Undefined,,1.310833208
2012/13,25 to 34,Male,,,,"Rate per 100,000 population",Units,Undefined,,1.812831696
2012/13,25 to 34,Female,,,,"Rate per 100,000 population",Units,Undefined,,0.732140989
2012/13,25 to 34,,,,,"Rate per 100,000 population",Units,Undefined,,1.271197547
2012/13,35 to 44,Male,,,,"Rate per 100,000 population",Units,Undefined,,2.001896534
2012/13,35 to 44,Female,,,,"Rate per 100,000 population",Units,Undefined,,0.623150023
2012/13,35 to 44,,,,,"Rate per 100,000 population",Units,Undefined,,1.307565574
2012/13,45 to 54,Male,,,,"Rate per 100,000 population",Units,Undefined,,1.693306309
2012/13,45 to 54,Female,,,,"Rate per 100,000 population",Units,Undefined,,0.553445196
2012/13,45 to 54,,,,,"Rate per 100,000 population",Units,Undefined,,1.1177725840000001
2012/13,55 to 64,Male,,,,"Rate per 100,000 population",Units,Undefined,,0.819026618
2012/13,55 to 64,Female,,,,"Rate per 100,000 population",Units,Undefined,,0.51894136
2012/13,55 to 64,,,,,"Rate per 100,000 population",Units,Undefined,,0.666625326
2012/13,65 to 74,Male,,,,"Rate per 100,000 population",Units,Undefined,,0.844900422
2012/13,65 to 74,Female,,,,"Rate per 100,000 population",Units,Undefined,,0.373524578
2012/13,65 to 74,,,,,"Rate per 100,000 population",Units,Undefined,,0.6004609989999999
2012/13,75 and over,Male,,,,"Rate per 100,000 population",Units,Undefined,,0.600633395
2012/13,75 and over,Female,,,,"Rate per 100,000 population",Units,Undefined,,0.755172935
2012/13,75 and over,,,,,"Rate per 100,000 population",Units,Undefined,,0.691995178
2013/14,,,,,,"Rate per 100,000 population",Units,Undefined,,0.9095980840000001
2013/14,,Male,,,,"Rate per 100,000 population",Units,Undefined,,1.197895298
2013/14,,Female,,,,"Rate per 100,000 population",Units,Undefined,,0.629778858
2013/14,Under 1,Male,,,,"Rate per 100,000 population",Units,Undefined,,2.192033056
2013/14,Under 1,Female,,,,"Rate per 100,000 population",Units,Undefined,,2.312345904
2013/14,Under 1,,,,,"Rate per 100,000 population",Units,Undefined,,2.25058269
2013/14,1 to 4,Male,,,,"Rate per 100,000 population",Units,Undefined,,0.40662721
2013/14,1 to 4,Female,,,,"Rate per 100,000 population",Units,Undefined,,0.7821237790000001
2013/14,1 to 4,,,,,"Rate per 100,000 population",Units,Undefined,,0.589872241
2013/14,5 to 15,Male,,,,"Rate per 100,000 population",Units,Undefined,,0.163397046
2013/14,5 to 15,Female,,,,"Rate per 100,000 population",Units,Undefined,,0.142879228
2013/14,5 to 15,,,,,"Rate per 100,000 population",Units,Undefined,,0.153385012
2013/14,16 to 24,Male,,,,"Rate per 100,000 population",Units,Undefined,,2.107729936
2013/14,16 to 24,Female,,,,"Rate per 100,000 population",Units,Undefined,,0.742426783
2013/14,16 to 24,,,,,"Rate per 100,000 population",Units,Undefined,,1.439133369
2013/14,25 to 34,Male,,,,"Rate per 100,000 population",Units,Undefined,,1.736343721
2013/14,25 to 34,Female,,,,"Rate per 100,000 population",Units,Undefined,,0.721833664
2013/14,25 to 34,,,,,"Rate per 100,000 population",Units,Undefined,,1.227756128
2013/14,35 to 44,Male,,,,"Rate per 100,000 population",Units,Undefined,,1.817175084
2013/14,35 to 44,Female,,,,"Rate per 100,000 population",Units,Undefined,,0.607016477
2013/14,35 to 44,,,,,"Rate per 100,000 population",Units,Undefined,,1.208323463
2013/14,45 to 54,Male,,,,"Rate per 100,000 population",Units,Undefined,,1.42000035
2013/14,45 to 54,Female,,,,"Rate per 100,000 population",Units,Undefined,,0.595510003
2013/14,45 to 54,,,,,"Rate per 100,000 population",Units,Undefined,,1.0032832440000001
2013/14,55 to 64,Male,,,,"Rate per 100,000 population",Units,Undefined,,0.9159964890000001
2013/14,55 to 64,Female,,,,"Rate per 100,000 population",Units,Undefined,,0.550751439
2013/14,55 to 64,,,,,"Rate per 100,000 population",Units,Undefined,,0.7304700670000001
2013/14,65 to 74,Male,,,,"Rate per 100,000 population",Units,Undefined,,0.465373136
2013/14,65 to 74,Female,,,,"Rate per 100,000 population",Units,Undefined,,0.612725222
2013/14,65 to 74,,,,,"Rate per 100,000 population",Units,Undefined,,0.541745609
2013/14,75 and over,Male,,,,"Rate per 100,000 population",Units,Undefined,,0.691801408
2013/14,75 and over,Female,,,,"Rate per 100,000 population",Units,Undefined,,0.89766909
2013/14,75 and over,,,,,"Rate per 100,000 population",Units,Undefined,,0.8126968729999999
2014/15,,,,,,"Rate per 100,000 population",Units,Undefined,,0.886625908
2014/15,,Male,,,,"Rate per 100,000 population",Units,Undefined,,1.141564171
2014/15,,Female,,,,"Rate per 100,000 population",Units,Undefined,,0.6354300039999999
2014/15,Under 1,Male,,,,"Rate per 100,000 population",Units,Undefined,,4.194114818
2014/15,Under 1,Female,,,,"Rate per 100,000 population",Units,Undefined,,2.645743733
2014/15,Under 1,,,,,"Rate per 100,000 population",Units,Undefined,,3.582621705
2014/15,1 to 4,Male,,,,"Rate per 100,000 population",Units,Undefined,,0.469428471
2014/15,1 to 4,Female,,,,"Rate per 100,000 population",Units,Undefined,,0.422641169
2014/15,1 to 4,,,,,"Rate per 100,000 population",Units,Undefined,,0.4466097
2014/15,5 to 15,Male,,,,"Rate per 100,000 population",Units,Undefined,,0.24248106600000002
2014/15,5 to 15,Female,,,,"Rate per 100,000 population",Units,Undefined,,0.197844345
2014/15,5 to 15,,,,,"Rate per 100,000 population",Units,Undefined,,0.220696809
2014/15,16 to 24,Male,,,,"Rate per 100,000 population",Units,Undefined,,2.020506957
2014/15,16 to 24,Female,,,,"Rate per 100,000 population",Units,Undefined,,0.590984562
2014/15,16 to 24,,,,,"Rate per 100,000 population",Units,Undefined,,1.322094818
2014/15,25 to 34,Male,,,,"Rate per 100,000 population",Units,Undefined,,1.361094875
2014/15,25 to 34,Female,,,,"Rate per 100,000 population",Units,Undefined,,0.56325912
2014/15,25 to 34,,,,,"Rate per 100,000 population",Units,Undefined,,0.961567555
2014/15,35 to 44,Male,,,,"Rate per 100,000 population",Units,Undefined,,1.5352662780000002
2014/15,35 to 44,Female,,,,"Rate per 100,000 population",Units,Undefined,,0.878828229
2014/15,35 to 44,,,,,"Rate per 100,000 population",Units,Undefined,,1.205188578
2014/15,45 to 54,Male,,,,"Rate per 100,000 population",Units,Undefined,,1.304067713
2014/15,45 to 54,Female,,,,"Rate per 100,000 population",Units,Undefined,,0.808506666
2014/15,45 to 54,,,,,"Rate per 100,000 population",Units,Undefined,,1.053398375
2014/15,55 to 64,Male,,,,"Rate per 100,000 population",Units,Undefined,,0.8468675309999999
2014/15,55 to 64,Female,,,,"Rate per 100,000 population",Units,Undefined,,0.577065766
2014/15,55 to 64,,,,,"Rate per 100,000 population",Units,Undefined,,0.709795596
2014/15,65 to 74,Male,,,,"Rate per 100,000 population",Units,Undefined,,0.792001837
2014/15,65 to 74,Female,,,,"Rate per 100,000 population",Units,Undefined,,0.31581030600000004
2014/15,65 to 74,,,,,"Rate per 100,000 population",Units,Undefined,,0.545323569
2014/15,75 and over,Male,,,,"Rate per 100,000 population",Units,Undefined,,0.723632761
2014/15,75 and over,Female,,,,"Rate per 100,000 population",Units,Undefined,,1.030756675
2014/15,75 and over,,,,,"Rate per 100,000 population",Units,Undefined,,0.90300559
2015/16,,,,,,"Rate per 100,000 population",Units,Undefined,,0.943242817
2015/16,,Male,,,,"Rate per 100,000 population",Units,Undefined,,1.309760126
2015/16,,Female,,,,"Rate per 100,000 population",Units,Undefined,,0.5830095470000001
2015/16,Under 1,Male,,,,"Rate per 100,000 population",Units,Undefined,,1.3990671019999998
2015/16,Under 1,Female,,,,"Rate per 100,000 population",Units,Undefined,,2.06405652
2015/16,Under 1,,,,,"Rate per 100,000 population",Units,Undefined,,1.722853217
2015/16,1 to 4,Male,,,,"Rate per 100,000 population",Units,Undefined,,0.20092627
2015/16,1 to 4,Female,,,,"Rate per 100,000 population",Units,Undefined,,0.281492303
2015/16,1 to 4,,,,,"Rate per 100,000 population",Units,Undefined,,0.24021278699999998
2015/16,5 to 15,Male,,,,"Rate per 100,000 population",Units,Undefined,,0.18601576
2015/16,5 to 15,Female,,,,"Rate per 100,000 population",Units,Undefined,,0.195166615
2015/16,5 to 15,,,,,"Rate per 100,000 population",Units,Undefined,,0.190481348
2015/16,16 to 24,Male,,,,"Rate per 100,000 population",Units,Undefined,,2.084965936
2015/16,16 to 24,Female,,,,"Rate per 100,000 population",Units,Undefined,,0.499828965
2015/16,16 to 24,,,,,"Rate per 100,000 population",Units,Undefined,,1.311282642
2015/16,25 to 34,Male,,,,"Rate per 100,000 population",Units,Undefined,,1.880419069
2015/16,25 to 34,Female,,,,"Rate per 100,000 population",Units,Undefined,,0.687421185
2015/16,25 to 34,,,,,"Rate per 100,000 population",Units,Undefined,,1.2844943979999999
2015/16,35 to 44,Male,,,,"Rate per 100,000 population",Units,Undefined,,1.911921287
2015/16,35 to 44,Female,,,,"Rate per 100,000 population",Units,Undefined,,0.7990651999999999
2015/16,35 to 44,,,,,"Rate per 100,000 population",Units,Undefined,,1.3524499230000002
2015/16,45 to 54,Male,,,,"Rate per 100,000 population",Units,Undefined,,1.617935286
2015/16,45 to 54,Female,,,,"Rate per 100,000 population",Units,Undefined,,0.92308066
2015/16,45 to 54,,,,,"Rate per 100,000 population",Units,Undefined,,1.26627159
2015/16,55 to 64,Male,,,,"Rate per 100,000 population",Units,Undefined,,1.052305788
2015/16,55 to 64,Female,,,,"Rate per 100,000 population",Units,Undefined,,0.479883868
2015/16,55 to 64,,,,,"Rate per 100,000 population",Units,Undefined,,0.7615983820000001
2015/16,65 to 74,Male,,,,"Rate per 100,000 population",Units,Undefined,,0.8474048590000001
2015/16,65 to 74,Female,,,,"Rate per 100,000 population",Units,Undefined,,0.308463942
2015/16,65 to 74,,,,,"Rate per 100,000 population",Units,Undefined,,0.568196749
2015/16,75 and over,Male,,,,"Rate per 100,000 population",Units,Undefined,,1.115381105
2015/16,75 and over,Female,,,,"Rate per 100,000 population",Units,Undefined,,0.622238132
2015/16,75 and over,,,,,"Rate per 100,000 population",Units,Undefined,,0.82899475
2016/17,,,,,,"Rate per 100,000 population",Units,Undefined,,1.156193781
2016/17,,Male,,,,"Rate per 100,000 population",Units,Undefined,,1.744410379
2016/17,,Female,,,,"Rate per 100,000 population",Units,Undefined,,0.582137996
2016/17,Under 1,Male,,,,"Rate per 100,000 population",Units,Undefined,,4.164387821
2016/17,Under 1,Female,,,,"Rate per 100,000 population",Units,Undefined,,2.045282556
2016/17,Under 1,,,,,"Rate per 100,000 population",Units,Undefined,,3.131904426
2016/17,1 to 4,Male,,,,"Rate per 100,000 population",Units,Undefined,,0.538310553
2016/17,1 to 4,Female,,,,"Rate per 100,000 population",Units,Undefined,,0.282939858
2016/17,1 to 4,,,,,"Rate per 100,000 population",Units,Undefined,,0.41381322299999995
2016/17,5 to 15,Male,,,,"Rate per 100,000 population",Units,Undefined,,0.521821533
2016/17,5 to 15,Female,,,,"Rate per 100,000 population",Units,Undefined,,0.27388676
2016/17,5 to 15,,,,,"Rate per 100,000 population",Units,Undefined,,0.400862014
2016/17,16 to 24,Male,,,,"Rate per 100,000 population",Units,Undefined,,3.8986670460000004
2016/17,16 to 24,Female,,,,"Rate per 100,000 population",Units,Undefined,,0.663920145
2016/17,16 to 24,,,,,"Rate per 100,000 population",Units,Undefined,,2.323969327
2016/17,25 to 34,Male,,,,"Rate per 100,000 population",Units,Undefined,,2.654562529
2016/17,25 to 34,Female,,,,"Rate per 100,000 population",Units,Undefined,,0.657932362
2016/17,25 to 34,,,,,"Rate per 100,000 population",Units,Undefined,,1.6614433990000002
2016/17,35 to 44,Male,,,,"Rate per 100,000 population",Units,Undefined,,2.185503957
2016/17,35 to 44,Female,,,,"Rate per 100,000 population",Units,Undefined,,1.068873963
2016/17,35 to 44,,,,,"Rate per 100,000 population",Units,Undefined,,1.6244892419999999
2016/17,45 to 54,Male,,,,"Rate per 100,000 population",Units,Undefined,,1.6074200490000001
2016/17,45 to 54,Female,,,,"Rate per 100,000 population",Units,Undefined,,0.651065215
2016/17,45 to 54,,,,,"Rate per 100,000 population",Units,Undefined,,1.123211819
2016/17,55 to 64,Male,,,,"Rate per 100,000 population",Units,Undefined,,1.45628417
2016/17,55 to 64,Female,,,,"Rate per 100,000 population",Units,Undefined,,0.205894162
2016/17,55 to 64,,,,,"Rate per 100,000 population",Units,Undefined,,0.821402463
2016/17,65 to 74,Male,,,,"Rate per 100,000 population",Units,Undefined,,0.611656225
2016/17,65 to 74,Female,,,,"Rate per 100,000 population",Units,Undefined,,0.234377014
2016/17,65 to 74,,,,,"Rate per 100,000 population",Units,Undefined,,0.416234534
2016/17,75 and over,Male,,,,"Rate per 100,000 population",Units,Undefined,,0.6490527079999999
2016/17,75 and over,Female,,,,"Rate per 100,000 population",Units,Undefined,,0.8367960320000001
2016/17,75 and over,,,,,"Rate per 100,000 population",Units,Undefined,,0.757655796
2017/18,,,,,,"Rate per 100,000 population",Units,Undefined,,1.198408126
2017/18,,Male,,,,"Rate per 100,000 population",Units,Undefined,,1.6677432909999999
2017/18,,Female,,,,"Rate per 100,000 population",Units,Undefined,,0.7401590309999999
2017/18,Under 1,Male,,,,"Rate per 100,000 population",Units,Undefined,,2.275429345
2017/18,Under 1,Female,,,,"Rate per 100,000 population",Units,Undefined,,2.691548538
2017/18,Under 1,,,,,"Rate per 100,000 population",Units,Undefined,,2.478271391
2017/18,1 to 4,Male,,,,"Rate per 100,000 population",Units,Undefined,,0.47578169200000003
2017/18,1 to 4,Female,,,,"Rate per 100,000 population",Units,Undefined,,0.572078698
2017/18,1 to 4,,,,,"Rate per 100,000 population",Units,Undefined,,0.522707822
2017/18,5 to 15,Male,,,,"Rate per 100,000 population",Units,Undefined,,0.357641183
2017/18,5 to 15,Female,,,,"Rate per 100,000 population",Units,Undefined,,0.509785329
2017/18,5 to 15,,,,,"Rate per 100,000 population",Units,Undefined,,0.43184690299999995
2017/18,16 to 24,Male,,,,"Rate per 100,000 population",Units,Undefined,,3.613170888
2017/18,16 to 24,Female,,,,"Rate per 100,000 population",Units,Undefined,,0.930439687
2017/18,16 to 24,,,,,"Rate per 100,000 population",Units,Undefined,,2.308779978
2017/18,25 to 34,Male,,,,"Rate per 100,000 population",Units,Undefined,,2.4190672380000002
2017/18,25 to 34,Female,,,,"Rate per 100,000 population",Units,Undefined,,1.033061756
2017/18,25 to 34,,,,,"Rate per 100,000 population",Units,Undefined,,1.729627835
2017/18,35 to 44,Male,,,,"Rate per 100,000 population",Units,Undefined,,2.379671119
2017/18,35 to 44,Female,,,,"Rate per 100,000 population",Units,Undefined,,0.748580237
2017/18,35 to 44,,,,,"Rate per 100,000 population",Units,Undefined,,1.5594743169999998
2017/18,45 to 54,Male,,,,"Rate per 100,000 population",Units,Undefined,,1.657297986
2017/18,45 to 54,Female,,,,"Rate per 100,000 population",Units,Undefined,,0.868085069
2017/18,45 to 54,,,,,"Rate per 100,000 population",Units,Undefined,,1.2576644270000001
2017/18,55 to 64,Male,,,,"Rate per 100,000 population",Units,Undefined,,1.2148788879999999
2017/18,55 to 64,Female,,,,"Rate per 100,000 population",Units,Undefined,,0.488271854
2017/18,55 to 64,,,,,"Rate per 100,000 population",Units,Undefined,,0.845913995
2017/18,65 to 74,Male,,,,"Rate per 100,000 population",Units,Undefined,,0.886745566
2017/18,65 to 74,Female,,,,"Rate per 100,000 population",Units,Undefined,,0.395712456
2017/18,65 to 74,,,,,"Rate per 100,000 population",Units,Undefined,,0.632283759
2017/18,75 and over,Male,,,,"Rate per 100,000 population",Units,Undefined,,0.87988624
2017/18,75 and over,Female,,,,"Rate per 100,000 population",Units,Undefined,,0.7564138490000001
2017/18,75 and over,,,,,"Rate per 100,000 population",Units,Undefined,,0.80879689
2018/19,,,,,,"Rate per 100,000 population",Units,Undefined,,1.135060166
2018/19,,Male,,,,"Rate per 100,000 population",Units,Undefined,,1.468411139
2018/19,,Female,,,,"Rate per 100,000 population",Units,Undefined,,0.806005025
2018/19,Under 1,Male,,,,"Rate per 100,000 population",Units,Undefined,,4.36500777
2018/19,Under 1,Female,,,,"Rate per 100,000 population",Units,Undefined,,4.292437645
2018/19,Under 1,,,,,"Rate per 100,000 population",Units,Undefined,,4.478969001
2018/19,1 to 4,Male,,,,"Rate per 100,000 population",Units,Undefined,,0.411272993
2018/19,1 to 4,Female,,,,"Rate per 100,000 population",Units,Undefined,,0.937445015
2018/19,1 to 4,,,,,"Rate per 100,000 population",Units,Undefined,,0.667689755
2018/19,5 to 15,Male,,,,"Rate per 100,000 population",Units,Undefined,,0.325521322
2018/19,5 to 15,Female,,,,"Rate per 100,000 population",Units,Undefined,,0.157805743
2018/19,5 to 15,,,,,"Rate per 100,000 population",Units,Undefined,,0.243722948
2018/19,16 to 24,Male,,,,"Rate per 100,000 population",Units,Undefined,,2.938599794
2018/19,16 to 24,Female,,,,"Rate per 100,000 population",Units,Undefined,,0.551007404
2018/19,16 to 24,,,,,"Rate per 100,000 population",Units,Undefined,,1.778933647
2018/19,25 to 34,Male,,,,"Rate per 100,000 population",Units,Undefined,,2.360376289
2018/19,25 to 34,Female,,,,"Rate per 100,000 population",Units,Undefined,,1.031830719
2018/19,25 to 34,,,,,"Rate per 100,000 population",Units,Undefined,,1.700360902
2018/19,35 to 44,Male,,,,"Rate per 100,000 population",Units,Undefined,,1.888576674
2018/19,35 to 44,Female,,,,"Rate per 100,000 population",Units,Undefined,,0.985520572
2018/19,35 to 44,,,,,"Rate per 100,000 population",Units,Undefined,,1.434151792
2018/19,45 to 54,Male,,,,"Rate per 100,000 population",Units,Undefined,,1.766365124
2018/19,45 to 54,Female,,,,"Rate per 100,000 population",Units,Undefined,,0.873156125
2018/19,45 to 54,,,,,"Rate per 100,000 population",Units,Undefined,,1.314088205
2018/19,55 to 64,Male,,,,"Rate per 100,000 population",Units,Undefined,,0.839976631
2018/19,55 to 64,Female,,,,"Rate per 100,000 population",Units,Undefined,,0.532643625
2018/19,55 to 64,,,,,"Rate per 100,000 population",Units,Undefined,,0.6838006209999999
2018/19,65 to 74,Male,,,,"Rate per 100,000 population",Units,Undefined,,0.49202428600000003
2018/19,65 to 74,Female,,,,"Rate per 100,000 population",Units,Undefined,,0.783919204
2018/19,65 to 74,,,,,"Rate per 100,000 population",Units,Undefined,,0.643312395
2018/19,75 and over,Male,,,,"Rate per 100,000 population",Units,Undefined,,0.950763749
2018/19,75 and over,Female,,,,"Rate per 100,000 population",Units,Undefined,,1.205354895
2018/19,75 and over,,,,,"Rate per 100,000 population",Units,Undefined,,1.096598554
2018/19,,,England,,,,,,E92000001,1.159401069
2018/19,,,England,North East,,,,,E12000001,1.392071738
2018/19,,,England,North East,Cleveland,,,,E23000013,2.642156845
2018/19,,,England,North East,Durham,,,,E23000008,1.262733882
2018/19,,,England,North East,Northumbria,,,,E23000007,0.9611126940000001
2018/19,,,England,North West,,,,,E12000002,1.727898972
2018/19,,,England,North West,Cheshire,,,,E23000006,1.793686413
2018/19,,,England,North West,Cumbria,,,,E23000002,0.801783166
2018/19,,,England,North West,Greater Manchester,,,,E23000005,2.239945047
2018/19,,,England,North West,Lancashire,,,,E23000003,1.201361543
2018/19,,,England,North West,Merseyside,,,,E23000004,1.5459588990000002
2018/19,,,England,Yorkshire and the Humber,,,,,E12000003,1.295711469
2018/19,,,England,Yorkshire and the Humber,Humberside,,,,E23000012,1.072863526
2018/19,,,England,Yorkshire and the Humber,North Yorkshire,,,,E23000009,0.36390190200000005
2018/19,,,England,Yorkshire and the Humber,South Yorkshire,,,,E23000011,1.568160078
2018/19,,,England,Yorkshire and the Humber,West Yorkshire,,,,E23000010,1.551581018
2018/19,,,England,East Midlands,,,,,E12000004,0.915875007
2018/19,,,England,East Midlands,Derbyshire,,,,E23000018,0.5696296270000001
2018/19,,,England,East Midlands,Leicestershire,,,,E23000021,0.548855955
2018/19,,,England,East Midlands,Lincolnshire,,,,E23000020,0.793826149
2018/19,,,England,East Midlands,Northamptonshire,,,,E23000022,2.273876371
2018/19,,,England,East Midlands,Nottinghamshire,,,,E23000019,0.7797642509999999
2018/19,,,England,West Midlands,,,,,E12000005,1.237129406
2018/19,,,England,West Midlands,Staffordshire,,,,E23000015,0.6188928539999999
2018/19,,,England,West Midlands,Warwickshire,,,,E23000017,0.35025656299999997
2018/19,,,England,West Midlands,West Mercia,,,,E23000016,1.091841836
2018/19,,,England,West Midlands,West Midlands,,,,E23000014,1.7144083680000002
2018/19,,,England,East of England,,,,,E12000006,0.951426608
2018/19,,,England,East of England,Bedfordshire,,,,E23000026,0.896408093
2018/19,,,England,East of England,Cambridgeshire,,,,E23000023,1.172988881
2018/19,,,England,East of England,Essex,,,,E23000028,0.873004094
2018/19,,,England,East of England,Hertfordshire,,,,E23000027,1.097634597
2018/19,,,England,East of England,Norfolk,,,,E23000024,0.774610482
2018/19,,,England,East of England,Suffolk,,,,E23000025,0.922805963
2018/19,,,England,London,,,,,E12000007,1.414446052
2018/19,,,England,London,City of London,,,,E23000034,
2018/19,,,England,London,Metropolitan Police,,,,E23000001,1.404593019
2018/19,,,England,South East,,,,,E12000008,0.711656106
2018/19,,,England,South East,Hampshire,,,,E23000030,0.503579696
2018/19,,,England,South East,Kent,,,,E23000032,1.0289859940000001
2018/19,,,England,South East,Surrey,,,,E23000031,0.420191372
2018/19,,,England,South East,Sussex,,,,E23000033,0.939056964
2018/19,,,England,South East,Thames Valley,,,,E23000029,0.623028892
2018/19,,,England,South West,,,,,E12000009,0.7500354929999999
2018/19,,,England,South West,Avon and Somerset,,,,E23000036,0.58429201
2018/19,,,England,South West,Devon and Cornwall,,,,E23000035,1.078090033
2018/19,,,England,South West,Dorset,,,,E23000039,0.517954907
2018/19,,,England,South West,Gloucestershire,,,,E23000037,1.262709965
2018/19,,,England,South West,Wiltshire,,,,E23000038,0.138877316
2018/19,,,Wales,,,,,,W92000004,0.700942545
2018/19,,,Wales,,Dyfed-Powys,,,,W15000004,0.965135447
2018/19,,,Wales,,Gwent,,,,W15000002,0.338280688
2018/19,,,Wales,,North Wales,,,,W15000001,0.7159538870000001
2018/19,,,Wales,,South Wales,,,,W15000003,0.7513289129999999
