Year,Sex,Age,Nationality,Unit measure,Unit multiplier,Observation status,Value
2002,,,,Percentage (%),Units,Undefined,18.3675475301
2002,,15 to 17,,Percentage (%),Units,Undefined,19.398380254531432
2002,,18 to 20,,Percentage (%),Units,Undefined,25.19807923169268
2002,,21 to 24,,Percentage (%),Units,Undefined,20.250171611623827
2002,,25 to 29,,Percentage (%),Units,Undefined,18.582248694756967
2002,,30 to 39,,Percentage (%),Units,Undefined,17.914766318473834
2002,,40 to 49,,Percentage (%),Units,Undefined,14.382988890216222
2002,,50 to 59,,Percentage (%),Units,Undefined,9.68910353154241
2002,Male,,,Percentage (%),Units,Undefined,18.081826888543038
2002,Male,15 to 17,,Percentage (%),Units,Undefined,19.781994348001614
2002,Male,18 to 20,,Percentage (%),Units,Undefined,24.939250543547768
2002,Male,21 to 24,,Percentage (%),Units,Undefined,19.745741993317576
2002,Male,25 to 29,,Percentage (%),Units,Undefined,18.315392472695844
2002,Male,30 to 39,,Percentage (%),Units,Undefined,17.632850241545896
2002,Male,40 to 49,,Percentage (%),Units,Undefined,14.209183673469386
2002,Male,50 to 59,,Percentage (%),Units,Undefined,9.468017732742242
2002,Female,,,Percentage (%),Units,Undefined,22.71279016841147
2002,Female,15 to 17,,Percentage (%),Units,Undefined,11.304347826086955
2002,Female,18 to 20,,Percentage (%),Units,Undefined,29.158512720156555
2002,Female,21 to 24,,Percentage (%),Units,Undefined,27.619047619047624
2002,Female,25 to 29,,Percentage (%),Units,Undefined,22.362385321100923
2002,Female,30 to 39,,Percentage (%),Units,Undefined,21.842496285289744
2002,Female,40 to 49,,Percentage (%),Units,Undefined,16.760828625235405
2002,Female,50 to 59,,Percentage (%),Units,Undefined,14.193548387096774
2002,,,British nationals,Percentage (%),Units,Undefined,17.570807493127035
2002,,,Foreign nationals,Percentage (%),Units,Undefined,18.41627786417833
2002,,,Nationality not recorded,Percentage (%),Units,Undefined,71.03301384451545
2003,,,,Percentage (%),Units,Undefined,17.74848283258889
2003,,15 to 17,,Percentage (%),Units,Undefined,20.984915705412604
2003,,18 to 20,,Percentage (%),Units,Undefined,22.957835116425425
2003,,21 to 24,,Percentage (%),Units,Undefined,19.437302578417693
2003,,25 to 29,,Percentage (%),Units,Undefined,18.295039725144946
2003,,30 to 39,,Percentage (%),Units,Undefined,17.581047381546135
2003,,40 to 49,,Percentage (%),Units,Undefined,14.495114006514658
2003,,50 to 59,,Percentage (%),Units,Undefined,9.170052234474753
2003,Male,,,Percentage (%),Units,Undefined,17.37713938200457
2003,Male,15 to 17,,Percentage (%),Units,Undefined,20.772058823529417
2003,Male,18 to 20,,Percentage (%),Units,Undefined,22.53596164091636
2003,Male,21 to 24,,Percentage (%),Units,Undefined,19.1564561734213
2003,Male,25 to 29,,Percentage (%),Units,Undefined,17.788535423390197
2003,Male,30 to 39,,Percentage (%),Units,Undefined,17.179918803841964
2003,Male,40 to 49,,Percentage (%),Units,Undefined,14.289033457249069
2003,Male,50 to 59,,Percentage (%),Units,Undefined,8.831562974203337
2003,Female,,,Percentage (%),Units,Undefined,23.329706202393908
2003,Female,15 to 17,,Percentage (%),Units,Undefined,25.64102564102564
2003,Female,18 to 20,,Percentage (%),Units,Undefined,30.205949656750573
2003,Female,21 to 24,,Percentage (%),Units,Undefined,23.496027241770715
2003,Female,25 to 29,,Percentage (%),Units,Undefined,25.078369905956112
2003,Female,30 to 39,,Percentage (%),Units,Undefined,23.1456043956044
2003,Female,40 to 49,,Percentage (%),Units,Undefined,17.441860465116278
2003,Female,50 to 59,,Percentage (%),Units,Undefined,17.218543046357613
2003,,,British nationals,Percentage (%),Units,Undefined,16.6614267299651
2003,,,Foreign nationals,Percentage (%),Units,Undefined,18.87342908438061
2003,,,Nationality not recorded,Percentage (%),Units,Undefined,70.14134275618375
2004,,,,Percentage (%),Units,Undefined,16.774514015680378
2004,,15 to 17,,Percentage (%),Units,Undefined,22.41758241758242
2004,,18 to 20,,Percentage (%),Units,Undefined,23.216132368148923
2004,,21 to 24,,Percentage (%),Units,Undefined,17.744860943168078
2004,,25 to 29,,Percentage (%),Units,Undefined,16.946273094075178
2004,,30 to 39,,Percentage (%),Units,Undefined,15.692279563011382
2004,,40 to 49,,Percentage (%),Units,Undefined,14.769878672415519
2004,,50 to 59,,Percentage (%),Units,Undefined,11.624688624411846
2004,Male,,,Percentage (%),Units,Undefined,16.482951624878634
2004,Male,15 to 17,,Percentage (%),Units,Undefined,22.33848953594177
2004,Male,18 to 20,,Percentage (%),Units,Undefined,23.024430189709285
2004,Male,21 to 24,,Percentage (%),Units,Undefined,17.541458702302368
2004,Male,25 to 29,,Percentage (%),Units,Undefined,16.654032747119466
2004,Male,30 to 39,,Percentage (%),Units,Undefined,15.330993467875595
2004,Male,40 to 49,,Percentage (%),Units,Undefined,14.348525469168901
2004,Male,50 to 59,,Percentage (%),Units,Undefined,11.37357830271216
2004,Female,,,Percentage (%),Units,Undefined,21.361185983827493
2004,Female,15 to 17,,Percentage (%),Units,Undefined,23.376623376623375
2004,Female,18 to 20,,Percentage (%),Units,Undefined,26.65036674816626
2004,Female,21 to 24,,Percentage (%),Units,Undefined,20.838471023427868
2004,Female,25 to 29,,Percentage (%),Units,Undefined,21.06951871657754
2004,Female,30 to 39,,Percentage (%),Units,Undefined,21.129860601614087
2004,Female,40 to 49,,Percentage (%),Units,Undefined,20.833333333333336
2004,Female,50 to 59,,Percentage (%),Units,Undefined,16.304347826086953
2004,,,British nationals,Percentage (%),Units,Undefined,15.206822100374346
2004,,,Foreign nationals,Percentage (%),Units,Undefined,20.789532543055245
2004,,,Nationality not recorded,Percentage (%),Units,Undefined,72.40788346186805
2005,,,,Percentage (%),Units,Undefined,16.884105525659535
2005,,15 to 17,,Percentage (%),Units,Undefined,20.88525999140524
2005,,18 to 20,,Percentage (%),Units,Undefined,23.684547433107163
2005,,21 to 24,,Percentage (%),Units,Undefined,17.32489972230793
2005,,25 to 29,,Percentage (%),Units,Undefined,16.618911174785097
2005,,30 to 39,,Percentage (%),Units,Undefined,16.81283228063798
2005,,40 to 49,,Percentage (%),Units,Undefined,14.465124683773038
2005,,50 to 59,,Percentage (%),Units,Undefined,11.758717230847544
2005,Male,,,Percentage (%),Units,Undefined,16.550867793961714
2005,Male,15 to 17,,Percentage (%),Units,Undefined,20.896184560780835
2005,Male,18 to 20,,Percentage (%),Units,Undefined,23.3288409703504
2005,Male,21 to 24,,Percentage (%),Units,Undefined,17.119186284964318
2005,Male,25 to 29,,Percentage (%),Units,Undefined,16.0594295953412
2005,Male,30 to 39,,Percentage (%),Units,Undefined,16.329900913153292
2005,Male,40 to 49,,Percentage (%),Units,Undefined,14.350511484269447
2005,Male,50 to 59,,Percentage (%),Units,Undefined,11.693548387096774
2005,Female,,,Percentage (%),Units,Undefined,22.17545414266726
2005,Female,15 to 17,,Percentage (%),Units,Undefined,20.54794520547945
2005,Female,18 to 20,,Percentage (%),Units,Undefined,30.434782608695656
2005,Female,21 to 24,,Percentage (%),Units,Undefined,20.56921086675291
2005,Female,25 to 29,,Percentage (%),Units,Undefined,24.80874316939891
2005,Female,30 to 39,,Percentage (%),Units,Undefined,23.749119097956303
2005,Female,40 to 49,,Percentage (%),Units,Undefined,16.124469589816126
2005,Female,50 to 59,,Percentage (%),Units,Undefined,12.91866028708134
2005,,,British nationals,Percentage (%),Units,Undefined,15.236790010659355
2005,,,Foreign nationals,Percentage (%),Units,Undefined,23.53124028598073
2005,,,Nationality not recorded,Percentage (%),Units,Undefined,67.43383199079402
2006,,,,Percentage (%),Units,Undefined,16.756430971249777
2006,,15 to 17,,Percentage (%),Units,Undefined,23.52459016393443
2006,,18 to 20,,Percentage (%),Units,Undefined,23.941022116706236
2006,,21 to 24,,Percentage (%),Units,Undefined,17.799429657794676
2006,,25 to 29,,Percentage (%),Units,Undefined,16.542413862583118
2006,,30 to 39,,Percentage (%),Units,Undefined,16.04280510018215
2006,,40 to 49,,Percentage (%),Units,Undefined,14.215975086272199
2006,,50 to 59,,Percentage (%),Units,Undefined,11.41304347826087
2006,Male,,,Percentage (%),Units,Undefined,16.546743018811462
2006,Male,15 to 17,,Percentage (%),Units,Undefined,23.417721518987346
2006,Male,18 to 20,,Percentage (%),Units,Undefined,23.726365546218485
2006,Male,21 to 24,,Percentage (%),Units,Undefined,17.751528859847532
2006,Male,25 to 29,,Percentage (%),Units,Undefined,16.209833249838976
2006,Male,30 to 39,,Percentage (%),Units,Undefined,15.78052099533437
2006,Male,40 to 49,,Percentage (%),Units,Undefined,13.991917377638078
2006,Male,50 to 59,,Percentage (%),Units,Undefined,11.23034689293736
2006,Female,,,Percentage (%),Units,Undefined,20.21062065874972
2006,Female,15 to 17,,Percentage (%),Units,Undefined,27.142857142857146
2006,Female,18 to 20,,Percentage (%),Units,Undefined,28.16537467700259
2006,Female,21 to 24,,Percentage (%),Units,Undefined,18.658892128279888
2006,Female,25 to 29,,Percentage (%),Units,Undefined,21.61572052401747
2006,Female,30 to 39,,Percentage (%),Units,Undefined,19.942196531791907
2006,Female,40 to 49,,Percentage (%),Units,Undefined,17.560321715817693
2006,Female,50 to 59,,Percentage (%),Units,Undefined,14.732142857142858
2006,,,British nationals,Percentage (%),Units,Undefined,15.137545344619104
2006,,,Foreign nationals,Percentage (%),Units,Undefined,22.005699053221804
2006,,,Nationality not recorded,Percentage (%),Units,Undefined,69.70338983050848
2007,,,,Percentage (%),Units,Undefined,16.10856096520932
2007,,15 to 17,,Percentage (%),Units,Undefined,22.396047756278303
2007,,18 to 20,,Percentage (%),Units,Undefined,22.353760445682454
2007,,21 to 24,,Percentage (%),Units,Undefined,17.401174168297455
2007,,25 to 29,,Percentage (%),Units,Undefined,15.92885113161213
2007,,30 to 39,,Percentage (%),Units,Undefined,15.494536284673574
2007,,40 to 49,,Percentage (%),Units,Undefined,13.792830576877424
2007,,50 to 59,,Percentage (%),Units,Undefined,11.171721579751255
2007,Male,,,Percentage (%),Units,Undefined,15.842069687611831
2007,Male,15 to 17,,Percentage (%),Units,Undefined,22.30246389124893
2007,Male,18 to 20,,Percentage (%),Units,Undefined,22.08171206225681
2007,Male,21 to 24,,Percentage (%),Units,Undefined,17.113707421425044
2007,Male,25 to 29,,Percentage (%),Units,Undefined,15.57198169658571
2007,Male,30 to 39,,Percentage (%),Units,Undefined,15.18269947800149
2007,Male,40 to 49,,Percentage (%),Units,Undefined,13.566445322350173
2007,Male,50 to 59,,Percentage (%),Units,Undefined,11.065102369450194
2007,Female,,,Percentage (%),Units,Undefined,20.803175344384773
2007,Female,15 to 17,,Percentage (%),Units,Undefined,25.333333333333336
2007,Female,18 to 20,,Percentage (%),Units,Undefined,27.806122448979593
2007,Female,21 to 24,,Percentage (%),Units,Undefined,22.9903536977492
2007,Female,25 to 29,,Percentage (%),Units,Undefined,21.693735498839914
2007,Female,30 to 39,,Percentage (%),Units,Undefined,20.33898305084746
2007,Female,40 to 49,,Percentage (%),Units,Undefined,17.408906882591094
2007,Female,50 to 59,,Percentage (%),Units,Undefined,13.135593220338983
2007,,,British nationals,Percentage (%),Units,Undefined,14.353593932149868
2007,,,Foreign nationals,Percentage (%),Units,Undefined,22.221220589560986
2007,,,Nationality not recorded,Percentage (%),Units,Undefined,74.48512585812357
2008,,,,Percentage (%),Units,Undefined,16.15501117869077
2008,,15 to 17,,Percentage (%),Units,Undefined,23.46656113969133
2008,,18 to 20,,Percentage (%),Units,Undefined,21.971671388101978
2008,,21 to 24,,Percentage (%),Units,Undefined,16.94915254237288
2008,,25 to 29,,Percentage (%),Units,Undefined,16.55085281111813
2008,,30 to 39,,Percentage (%),Units,Undefined,15.580826386371873
2008,,40 to 49,,Percentage (%),Units,Undefined,14.260129841056635
2008,,50 to 59,,Percentage (%),Units,Undefined,10.1620029455081
2008,Male,,,Percentage (%),Units,Undefined,15.969195186112414
2008,Male,15 to 17,,Percentage (%),Units,Undefined,23.615635179153088
2008,Male,18 to 20,,Percentage (%),Units,Undefined,21.921387008668805
2008,Male,21 to 24,,Percentage (%),Units,Undefined,16.783216783216783
2008,Male,25 to 29,,Percentage (%),Units,Undefined,16.282343477677973
2008,Male,30 to 39,,Percentage (%),Units,Undefined,15.273622237235786
2008,Male,40 to 49,,Percentage (%),Units,Undefined,14.176913923046412
2008,Male,50 to 59,,Percentage (%),Units,Undefined,9.931279095544225
2008,Female,,,Percentage (%),Units,Undefined,19.400665926748054
2008,Female,15 to 17,,Percentage (%),Units,Undefined,20.0
2008,Female,18 to 20,,Percentage (%),Units,Undefined,22.962962962962962
2008,Female,21 to 24,,Percentage (%),Units,Undefined,20.150375939849624
2008,Female,25 to 29,,Percentage (%),Units,Undefined,20.942982456140356
2008,Female,30 to 39,,Percentage (%),Units,Undefined,20.281273131014064
2008,Female,40 to 49,,Percentage (%),Units,Undefined,15.59748427672956
2008,Female,50 to 59,,Percentage (%),Units,Undefined,14.462809917355369
2008,,,British nationals,Percentage (%),Units,Undefined,14.583539455272716
2008,,,Foreign nationals,Percentage (%),Units,Undefined,20.942772656114105
2008,,,Nationality not recorded,Percentage (%),Units,Undefined,75.36997885835095
2009a,,,,Percentage (%),Units,Undefined,16.123852661346373
2009a,,15 to 17,,Percentage (%),Units,Undefined,25.832540437678407
2009a,,18 to 20,,Percentage (%),Units,Undefined,22.393563526651025
2009a,,21 to 24,,Percentage (%),Units,Undefined,17.066666666666666
2009a,,25 to 29,,Percentage (%),Units,Undefined,15.65751211631664
2009a,,30 to 39,,Percentage (%),Units,Undefined,15.637803250011508
2009a,,40 to 49,,Percentage (%),Units,Undefined,14.284678938976665
2009a,,50 to 59,,Percentage (%),Units,Undefined,11.613936724068882
2009a,Male,,,Percentage (%),Units,Undefined,15.939008059829707
2009a,Male,15 to 17,,Percentage (%),Units,Undefined,25.927734375
2009a,Male,18 to 20,,Percentage (%),Units,Undefined,22.160148975791436
2009a,Male,21 to 24,,Percentage (%),Units,Undefined,16.951706471784828
2009a,Male,25 to 29,,Percentage (%),Units,Undefined,15.414099931553727
2009a,Male,30 to 39,,Percentage (%),Units,Undefined,15.31839968698034
2009a,Male,40 to 49,,Percentage (%),Units,Undefined,14.147316623097034
2009a,Male,50 to 59,,Percentage (%),Units,Undefined,11.556403731976252
2009a,Female,,,Percentage (%),Units,Undefined,19.529795158286774
2009a,Female,15 to 17,,Percentage (%),Units,Undefined,22.222222222222218
2009a,Female,18 to 20,,Percentage (%),Units,Undefined,28.011204481792717
2009a,Female,21 to 24,,Percentage (%),Units,Undefined,19.601328903654487
2009a,Female,25 to 29,,Percentage (%),Units,Undefined,19.768786127167626
2009a,Female,30 to 39,,Percentage (%),Units,Undefined,20.751761942051683
2009a,Female,40 to 49,,Percentage (%),Units,Undefined,16.540404040404038
2009a,Female,50 to 59,,Percentage (%),Units,Undefined,12.63537906137184
2009a,,,British nationals,Percentage (%),Units,Undefined,14.556864286616786
2009a,,,Foreign nationals,Percentage (%),Units,Undefined,21.01321585903084
2009a,,,Nationality not recorded,Percentage (%),Units,Undefined,80.32036613272311
2009b,,,,Percentage (%),Units,Undefined,15.920183233202625
2009b,,15 to 17,,Percentage (%),Units,Undefined,24.245283018867926
2009b,,18 to 20,,Percentage (%),Units,Undefined,22.70861833105335
2009b,,21 to 24,,Percentage (%),Units,Undefined,17.334100222877275
2009b,,25 to 29,,Percentage (%),Units,Undefined,15.603799185888741
2009b,,30 to 39,,Percentage (%),Units,Undefined,15.221899626710908
2009b,,40 to 49,,Percentage (%),Units,Undefined,13.8035482475119
2009b,,50 to 59,,Percentage (%),Units,Undefined,11.288074855663949
2009b,Male,,,Percentage (%),Units,Undefined,15.759192757068432
2009b,Male,15 to 17,,Percentage (%),Units,Undefined,24.33349491032477
2009b,Male,18 to 20,,Percentage (%),Units,Undefined,22.59369422962522
2009b,Male,21 to 24,,Percentage (%),Units,Undefined,17.17422362583653
2009b,Male,25 to 29,,Percentage (%),Units,Undefined,15.37830633586221
2009b,Male,30 to 39,,Percentage (%),Units,Undefined,14.985562570351881
2009b,Male,40 to 49,,Percentage (%),Units,Undefined,13.630095004596994
2009b,Male,50 to 59,,Percentage (%),Units,Undefined,11.232876712328768
2009b,Female,,,Percentage (%),Units,Undefined,18.876247968423492
2009b,Female,15 to 17,,Percentage (%),Units,Undefined,21.052631578947366
2009b,Female,18 to 20,,Percentage (%),Units,Undefined,25.340599455040874
2009b,Female,21 to 24,,Percentage (%),Units,Undefined,20.819672131147538
2009b,Female,25 to 29,,Percentage (%),Units,Undefined,19.50354609929078
2009b,Female,30 to 39,,Percentage (%),Units,Undefined,19.036334913112167
2009b,Female,40 to 49,,Percentage (%),Units,Undefined,16.584766584766587
2009b,Female,50 to 59,,Percentage (%),Units,Undefined,12.23021582733813
2009b,,,British nationals,Percentage (%),Units,Undefined,14.80154588281757
2009b,,,Foreign nationals,Percentage (%),Units,Undefined,20.48486962588297
2009b,,,Nationality not recorded,Percentage (%),Units,Undefined,42.202729044834314
2010,,,,Percentage (%),Units,Undefined,15.298463565563164
2010,,15 to 17,,Percentage (%),Units,Undefined,28.44202898550725
2010,,18 to 20,,Percentage (%),Units,Undefined,21.986477034273726
2010,,21 to 24,,Percentage (%),Units,Undefined,16.043155387417677
2010,,25 to 29,,Percentage (%),Units,Undefined,15.568022440392705
2010,,30 to 39,,Percentage (%),Units,Undefined,14.85148514851485
2010,,40 to 49,,Percentage (%),Units,Undefined,12.935427574171028
2010,,50 to 59,,Percentage (%),Units,Undefined,10.23272995936461
2010,Male,,,Percentage (%),Units,Undefined,15.133461324084966
2010,Male,15 to 17,,Percentage (%),Units,Undefined,28.624078624078628
2010,Male,18 to 20,,Percentage (%),Units,Undefined,21.95003046922608
2010,Male,21 to 24,,Percentage (%),Units,Undefined,15.776752362118216
2010,Male,25 to 29,,Percentage (%),Units,Undefined,15.446716899892357
2010,Male,30 to 39,,Percentage (%),Units,Undefined,14.672256097560975
2010,Male,40 to 49,,Percentage (%),Units,Undefined,12.63516516071693
2010,Male,50 to 59,,Percentage (%),Units,Undefined,10.068560235063662
2010,Female,,,Percentage (%),Units,Undefined,18.420435903445046
2010,Female,15 to 17,,Percentage (%),Units,Undefined,17.857142857142858
2010,Female,18 to 20,,Percentage (%),Units,Undefined,22.788203753351212
2010,Female,21 to 24,,Percentage (%),Units,Undefined,21.900161030595815
2010,Female,25 to 29,,Percentage (%),Units,Undefined,17.761557177615572
2010,Female,30 to 39,,Percentage (%),Units,Undefined,17.91530944625407
2010,Female,40 to 49,,Percentage (%),Units,Undefined,17.861482381530987
2010,Female,50 to 59,,Percentage (%),Units,Undefined,12.944983818770226
2010,,,British nationals,Percentage (%),Units,Undefined,13.480060831361945
2010,,,Foreign nationals,Percentage (%),Units,Undefined,22.44274809160305
2010,,,Nationality not recorded,Percentage (%),Units,Undefined,32.690284110838306
2011,,,,Percentage (%),Units,Undefined,14.599292524656223
2011,,15 to 17,,Percentage (%),Units,Undefined,27.197975964579378
2011,,18 to 20,,Percentage (%),Units,Undefined,21.53399772927968
2011,,21 to 24,,Percentage (%),Units,Undefined,14.892859685342069
2011,,25 to 29,,Percentage (%),Units,Undefined,14.647214511651926
2011,,30 to 39,,Percentage (%),Units,Undefined,14.665787159190852
2011,,40 to 49,,Percentage (%),Units,Undefined,12.693752133834074
2011,,50 to 59,,Percentage (%),Units,Undefined,9.733468286099866
2011,Male,,,Percentage (%),Units,Undefined,14.431757996772964
2011,Male,15 to 17,,Percentage (%),Units,Undefined,27.150192554557123
2011,Male,18 to 20,,Percentage (%),Units,Undefined,21.46245059288537
2011,Male,21 to 24,,Percentage (%),Units,Undefined,14.746680513315036
2011,Male,25 to 29,,Percentage (%),Units,Undefined,14.447090847226946
2011,Male,30 to 39,,Percentage (%),Units,Undefined,14.496600540188133
2011,Male,40 to 49,,Percentage (%),Units,Undefined,12.46471226927253
2011,Male,50 to 59,,Percentage (%),Units,Undefined,9.477240398293029
2011,Female,,,Percentage (%),Units,Undefined,17.849462365591396
2011,Female,15 to 17,,Percentage (%),Units,Undefined,30.434782608695656
2011,Female,18 to 20,,Percentage (%),Units,Undefined,23.14540059347181
2011,Female,21 to 24,,Percentage (%),Units,Undefined,18.374558303886925
2011,Female,25 to 29,,Percentage (%),Units,Undefined,18.341708542713565
2011,Female,30 to 39,,Percentage (%),Units,Undefined,17.535545023696685
2011,Female,40 to 49,,Percentage (%),Units,Undefined,16.506024096385538
2011,Female,50 to 59,,Percentage (%),Units,Undefined,14.473684210526313
2011,,,British nationals,Percentage (%),Units,Undefined,13.122004655620975
2011,,,Foreign nationals,Percentage (%),Units,Undefined,21.91297894053252
2011,,,Nationality not recorded,Percentage (%),Units,Undefined,33.1629392971246
2012,,,,Percentage (%),Units,Undefined,13.160096690219412
2012,,15 to 17,,Percentage (%),Units,Undefined,22.230889235569425
2012,,18 to 20,,Percentage (%),Units,Undefined,20.193470374848854
2012,,21 to 24,,Percentage (%),Units,Undefined,14.05926454837558
2012,,25 to 29,,Percentage (%),Units,Undefined,13.354735152487962
2012,,30 to 39,,Percentage (%),Units,Undefined,13.030567685589519
2012,,40 to 49,,Percentage (%),Units,Undefined,11.66975390314898
2012,,50 to 59,,Percentage (%),Units,Undefined,8.591331269349848
2012,Male,,,Percentage (%),Units,Undefined,13.049740616417456
2012,Male,15 to 17,,Percentage (%),Units,Undefined,22.01907790143084
2012,Male,18 to 20,,Percentage (%),Units,Undefined,20.178870877585247
2012,Male,21 to 24,,Percentage (%),Units,Undefined,13.98959881129272
2012,Male,25 to 29,,Percentage (%),Units,Undefined,13.342762847713347
2012,Male,30 to 39,,Percentage (%),Units,Undefined,12.880258899676376
2012,Male,40 to 49,,Percentage (%),Units,Undefined,11.448991031390134
2012,Male,50 to 59,,Percentage (%),Units,Undefined,8.32651725830198
2012,Female,,,Percentage (%),Units,Undefined,15.352898374969683
2012,Female,15 to 17,,Percentage (%),Units,Undefined,33.33333333333333
2012,Female,18 to 20,,Percentage (%),Units,Undefined,20.557491289198605
2012,Female,21 to 24,,Percentage (%),Units,Undefined,15.779816513761471
2012,Female,25 to 29,,Percentage (%),Units,Undefined,13.5989010989011
2012,Female,30 to 39,,Percentage (%),Units,Undefined,15.590551181102365
2012,Female,40 to 49,,Percentage (%),Units,Undefined,15.402843601895736
2012,Female,50 to 59,,Percentage (%),Units,Undefined,13.25648414985591
2012,,,British nationals,Percentage (%),Units,Undefined,11.84084764739616
2012,,,Foreign nationals,Percentage (%),Units,Undefined,19.086640272534762
2012,,,Nationality not recorded,Percentage (%),Units,Undefined,29.70754232939969
2013,,,,Percentage (%),Units,Undefined,13.085327162997064
2013,,15 to 17,,Percentage (%),Units,Undefined,21.24711316397229
2013,,18 to 20,,Percentage (%),Units,Undefined,20.105229591836732
2013,,21 to 24,,Percentage (%),Units,Undefined,13.90578692871627
2013,,25 to 29,,Percentage (%),Units,Undefined,14.069503085417342
2013,,30 to 39,,Percentage (%),Units,Undefined,12.98176187198899
2013,,40 to 49,,Percentage (%),Units,Undefined,11.580490405117269
2013,,50 to 59,,Percentage (%),Units,Undefined,9.260355029585801
2013,Male,,,Percentage (%),Units,Undefined,12.96428258885597
2013,Male,15 to 17,,Percentage (%),Units,Undefined,21.44522144522145
2013,Male,18 to 20,,Percentage (%),Units,Undefined,20.01972386587771
2013,Male,21 to 24,,Percentage (%),Units,Undefined,13.83383221422215
2013,Male,25 to 29,,Percentage (%),Units,Undefined,13.867572156196944
2013,Male,30 to 39,,Percentage (%),Units,Undefined,12.845247303999633
2013,Male,40 to 49,,Percentage (%),Units,Undefined,11.421713963010024
2013,Male,50 to 59,,Percentage (%),Units,Undefined,9.126243781094525
2013,Female,,,Percentage (%),Units,Undefined,15.598235141448221
2013,Female,15 to 17,,Percentage (%),Units,Undefined,0.0
2013,Female,18 to 20,,Percentage (%),Units,Undefined,22.872340425531913
2013,Female,21 to 24,,Percentage (%),Units,Undefined,15.835140997830804
2013,Female,25 to 29,,Percentage (%),Units,Undefined,18.507462686567163
2013,Female,30 to 39,,Percentage (%),Units,Undefined,15.342250196695517
2013,Female,40 to 49,,Percentage (%),Units,Undefined,14.251781472684085
2013,Female,50 to 59,,Percentage (%),Units,Undefined,11.890243902439025
2013,,,British nationals,Percentage (%),Units,Undefined,11.830310755205808
2013,,,Foreign nationals,Percentage (%),Units,Undefined,19.015390320786203
2013,,,Nationality not recorded,Percentage (%),Units,Undefined,43.44355758266817
2014,,,,Percentage (%),Units,Undefined,14.263995602802042
2014,,15 to 17,,Percentage (%),Units,Undefined,25.236167341430498
2014,,18 to 20,,Percentage (%),Units,Undefined,22.20663041571655
2014,,21 to 24,,Percentage (%),Units,Undefined,17.18912851759801
2014,,25 to 29,,Percentage (%),Units,Undefined,14.780614774417453
2014,,30 to 39,,Percentage (%),Units,Undefined,14.305652477320306
2014,,40 to 49,,Percentage (%),Units,Undefined,12.126256908836654
2014,,50 to 59,,Percentage (%),Units,Undefined,9.36141304347826
2014,Male,,,Percentage (%),Units,Undefined,14.100269673939692
2014,Male,15 to 17,,Percentage (%),Units,Undefined,25.236167341430498
2014,Male,18 to 20,,Percentage (%),Units,Undefined,22.067594433399602
2014,Male,21 to 24,,Percentage (%),Units,Undefined,17.061808501788533
2014,Male,25 to 29,,Percentage (%),Units,Undefined,14.63619886069394
2014,Male,30 to 39,,Percentage (%),Units,Undefined,14.064538575280508
2014,Male,40 to 49,,Percentage (%),Units,Undefined,11.859154929577466
2014,Male,50 to 59,,Percentage (%),Units,Undefined,9.346060692406327
2014,Female,,,Percentage (%),Units,Undefined,17.663527615169254
2014,Female,15 to 17,,Percentage (%),Units,Undefined,0.0
2014,Female,18 to 20,,Percentage (%),Units,Undefined,26.785714285714285
2014,Female,21 to 24,,Percentage (%),Units,Undefined,20.57522123893805
2014,Female,25 to 29,,Percentage (%),Units,Undefined,18.023255813953487
2014,Female,30 to 39,,Percentage (%),Units,Undefined,18.361375274323336
2014,Female,40 to 49,,Percentage (%),Units,Undefined,16.768665850673198
2014,Female,50 to 59,,Percentage (%),Units,Undefined,9.677419354838712
2014,,,British nationals,Percentage (%),Units,Undefined,13.009635265341425
2014,,,Foreign nationals,Percentage (%),Units,Undefined,20.79564334502492
2014,,,Nationality not recorded,Percentage (%),Units,Undefined,46.89349112426036
2015,,,,Percentage (%),Units,Undefined,13.67280405601383
2015,,15 to 17,,Percentage (%),Units,Undefined,22.64705882352941
2015,,18 to 20,,Percentage (%),Units,Undefined,23.465346534653463
2015,,21 to 24,,Percentage (%),Units,Undefined,16.1738839098752
2015,,25 to 29,,Percentage (%),Units,Undefined,14.526355047240179
2015,,30 to 39,,Percentage (%),Units,Undefined,13.798604187437688
2015,,40 to 49,,Percentage (%),Units,Undefined,11.982315844223391
2015,,50 to 59,,Percentage (%),Units,Undefined,8.499555329691272
2015,Male,,,Percentage (%),Units,Undefined,13.560743234211134
2015,Male,15 to 17,,Percentage (%),Units,Undefined,22.64705882352941
2015,Male,18 to 20,,Percentage (%),Units,Undefined,23.48841975814716
2015,Male,21 to 24,,Percentage (%),Units,Undefined,16.063250669662143
2015,Male,25 to 29,,Percentage (%),Units,Undefined,14.385919334935375
2015,Male,30 to 39,,Percentage (%),Units,Undefined,13.69389132635842
2015,Male,40 to 49,,Percentage (%),Units,Undefined,11.765109890109889
2015,Male,50 to 59,,Percentage (%),Units,Undefined,8.39898517826145
2015,Female,,,Percentage (%),Units,Undefined,16.034836065573767
2015,Female,15 to 17,,Percentage (%),Units,Undefined,0.0
2015,Female,18 to 20,,Percentage (%),Units,Undefined,22.807017543859647
2015,Female,21 to 24,,Percentage (%),Units,Undefined,19.672131147540984
2015,Female,25 to 29,,Percentage (%),Units,Undefined,17.655571635311144
2015,Female,30 to 39,,Percentage (%),Units,Undefined,15.609044493070753
2015,Female,40 to 49,,Percentage (%),Units,Undefined,15.834348355663824
2015,Female,50 to 59,,Percentage (%),Units,Undefined,10.471204188481675
2015,,,British nationals,Percentage (%),Units,Undefined,12.382751693032288
2015,,,Foreign nationals,Percentage (%),Units,Undefined,21.22336377473364
2015,,,Nationality not recorded,Percentage (%),Units,Undefined,47.5
2016,,,,Percentage (%),Units,Undefined,10.909859750510963
2016,,15 to 17,,Percentage (%),Units,Undefined,23.30708661417323
2016,,18 to 20,,Percentage (%),Units,Undefined,19.017328361482786
2016,,21 to 24,,Percentage (%),Units,Undefined,12.685473529950542
2016,,25 to 29,,Percentage (%),Units,Undefined,11.672979797979796
2016,,30 to 39,,Percentage (%),Units,Undefined,10.889674064075587
2016,,40 to 49,,Percentage (%),Units,Undefined,10.004580252568212
2016,,50 to 59,,Percentage (%),Units,Undefined,6.957575757575757
2016,,60 to 69,,Percentage (%),Units,Undefined,4.785316289741068
2016,,70 and over,,Percentage (%),Units,Undefined,3.33569907735983
2016,Male,,,Percentage (%),Units,Undefined,10.783541687173937
2016,Male,15 to 17,,Percentage (%),Units,Undefined,23.30708661417323
2016,Male,18 to 20,,Percentage (%),Units,Undefined,18.82219705549264
2016,Male,21 to 24,,Percentage (%),Units,Undefined,12.548500047317116
2016,Male,25 to 29,,Percentage (%),Units,Undefined,11.610782380013148
2016,Male,30 to 39,,Percentage (%),Units,Undefined,10.716539739975595
2016,Male,40 to 49,,Percentage (%),Units,Undefined,9.899758036640169
2016,Male,50 to 59,,Percentage (%),Units,Undefined,6.721728081321473
2016,Male,60 to 69,,Percentage (%),Units,Undefined,4.708672086720867
2016,Male,70 and over,,Percentage (%),Units,Undefined,3.306973400431344
2016,Female,,,Percentage (%),Units,Undefined,13.568099430346965
2016,Female,15 to 17,,Percentage (%),Units,Undefined,0.0
2016,Female,18 to 20,,Percentage (%),Units,Undefined,25.0
2016,Female,21 to 24,,Percentage (%),Units,Undefined,16.80911680911681
2016,Female,25 to 29,,Percentage (%),Units,Undefined,13.174603174603176
2016,Female,30 to 39,,Percentage (%),Units,Undefined,13.783403656821378
2016,Female,40 to 49,,Percentage (%),Units,Undefined,11.858190709046454
2016,Female,50 to 59,,Percentage (%),Units,Undefined,11.842105263157894
2016,Female,60 to 69,,Percentage (%),Units,Undefined,7.070707070707071
2016,Female,70 and over,,Percentage (%),Units,Undefined,5.5555555555555545
2016,,,British nationals,Percentage (%),Units,Undefined,9.979864250376714
2016,,,Foreign nationals,Percentage (%),Units,Undefined,17.278333838843395
2016,,,Nationality not recorded,Percentage (%),Units,Undefined,37.698412698412696
2017,,,,Percentage (%),Units,Undefined,11.224858204348788
2017,,15 to 17,,Percentage (%),Units,Undefined,27.580893682588602
2017,,18 to 20,,Percentage (%),Units,Undefined,21.181619256017505
2017,,21 to 24,,Percentage (%),Units,Undefined,13.451361493312808
2017,,25 to 29,,Percentage (%),Units,Undefined,11.633710885006721
2017,,30 to 39,,Percentage (%),Units,Undefined,11.21109137251873
2017,,40 to 49,,Percentage (%),Units,Undefined,10.088576266770874
2017,,50 to 59,,Percentage (%),Units,Undefined,7.391405885100419
2017,,60 to 69,,Percentage (%),Units,Undefined,4.824151882975412
2017,,70 and over,,Percentage (%),Units,Undefined,2.1888680425265794
2017,Male,,,Percentage (%),Units,Undefined,11.0767689601251
2017,Male,15 to 17,,Percentage (%),Units,Undefined,27.580893682588602
2017,Male,18 to 20,,Percentage (%),Units,Undefined,20.886788206167004
2017,Male,21 to 24,,Percentage (%),Units,Undefined,13.312755152842774
2017,Male,25 to 29,,Percentage (%),Units,Undefined,11.489418519260298
2017,Male,30 to 39,,Percentage (%),Units,Undefined,11.0683585755219
2017,Male,40 to 49,,Percentage (%),Units,Undefined,9.84173059644758
2017,Male,50 to 59,,Percentage (%),Units,Undefined,7.2068753836709645
2017,Male,60 to 69,,Percentage (%),Units,Undefined,4.882749759074848
2017,Male,70 and over,,Percentage (%),Units,Undefined,2.2082018927444795
2017,Female,,,Percentage (%),Units,Undefined,14.25006239081607
2017,Female,15 to 17,,Percentage (%),Units,Undefined,0.0
2017,Female,18 to 20,,Percentage (%),Units,Undefined,31.49606299212598
2017,Female,21 to 24,,Percentage (%),Units,Undefined,17.42857142857143
2017,Female,25 to 29,,Percentage (%),Units,Undefined,14.969135802469134
2017,Female,30 to 39,,Percentage (%),Units,Undefined,13.592896174863391
2017,Female,40 to 49,,Percentage (%),Units,Undefined,14.124293785310734
2017,Female,50 to 59,,Percentage (%),Units,Undefined,10.97852028639618
2017,Female,60 to 69,,Percentage (%),Units,Undefined,3.0
2017,Female,70 and over,,Percentage (%),Units,Undefined,0.0
2017,,,British nationals,Percentage (%),Units,Undefined,10.37072230800702
2017,,,Foreign nationals,Percentage (%),Units,Undefined,16.738417384173847
2017,,,Nationality not recorded,Percentage (%),Units,Undefined,43.75
2018,,,,Percentage (%),Units,Undefined,11.217425972237324
2018,,15 to 17,,Percentage (%),Units,Undefined,30.8411214953271
2018,,18 to 20,,Percentage (%),Units,Undefined,22.400377269511903
2018,,21 to 24,,Percentage (%),Units,Undefined,14.207082770796552
2018,,25 to 29,,Percentage (%),Units,Undefined,11.921926006528835
2018,,30 to 39,,Percentage (%),Units,Undefined,11.161596207032792
2018,,40 to 49,,Percentage (%),Units,Undefined,9.555054336682387
2018,,50 to 59,,Percentage (%),Units,Undefined,7.087254560241664
2018,,60 to 69,,Percentage (%),Units,Undefined,4.387019230769232
2018,,70 and over,,Percentage (%),Units,Undefined,2.2010707911957166
2018,Male,,,Percentage (%),Units,Undefined,11.082689628973027
2018,Male,15 to 17,,Percentage (%),Units,Undefined,30.8411214953271
2018,Male,18 to 20,,Percentage (%),Units,Undefined,22.438549525431977
2018,Male,21 to 24,,Percentage (%),Units,Undefined,14.001071237279058
2018,Male,25 to 29,,Percentage (%),Units,Undefined,11.835115801402367
2018,Male,30 to 39,,Percentage (%),Units,Undefined,10.981230098877155
2018,Male,40 to 49,,Percentage (%),Units,Undefined,9.345117357287744
2018,Male,50 to 59,,Percentage (%),Units,Undefined,6.931901391261898
2018,Male,60 to 69,,Percentage (%),Units,Undefined,4.322321704229701
2018,Male,70 and over,,Percentage (%),Units,Undefined,2.108433734939759
2018,Female,,,Percentage (%),Units,Undefined,14.015251117538785
2018,Female,15 to 17,,Percentage (%),Units,Undefined,0.0
2018,Female,18 to 20,,Percentage (%),Units,Undefined,21.21212121212121
2018,Female,21 to 24,,Percentage (%),Units,Undefined,20.74829931972789
2018,Female,25 to 29,,Percentage (%),Units,Undefined,14.017094017094015
2018,Female,30 to 39,,Percentage (%),Units,Undefined,14.147018030513177
2018,Female,40 to 49,,Percentage (%),Units,Undefined,13.059250302297464
2018,Female,50 to 59,,Percentage (%),Units,Undefined,10.16949152542373
2018,Female,60 to 69,,Percentage (%),Units,Undefined,6.741573033707866
2018,Female,70 and over,,Percentage (%),Units,Undefined,9.523809523809524
2018,,,British nationals,Percentage (%),Units,Undefined,10.350745760403187
2018,,,Foreign nationals,Percentage (%),Units,Undefined,17.1630266931392
2018,,,Nationality not recorded,Percentage (%),Units,Undefined,44.52054794520548
2019,,,,Percentage (%),Units,Undefined,11.056704147019708
2019,,15 to 17,,Percentage (%),Units,Undefined,29.725085910652922
2019,,18 to 20,,Percentage (%),Units,Undefined,23.11365807067813
2019,,21 to 24,,Percentage (%),Units,Undefined,13.62805205980424
2019,,25 to 29,,Percentage (%),Units,Undefined,11.941727652007387
2019,,30 to 39,,Percentage (%),Units,Undefined,11.023499708681298
2019,,40 to 49,,Percentage (%),Units,Undefined,9.645293315143247
2019,,50 to 59,,Percentage (%),Units,Undefined,6.877562975981253
2019,,60 to 69,,Percentage (%),Units,Undefined,3.4306349684020465
2019,,70 and over,,Percentage (%),Units,Undefined,2.1603183627060827
2019,Male,,,Percentage (%),Units,Undefined,10.885482645046869
2019,Male,15 to 17,,Percentage (%),Units,Undefined,29.725085910652922
2019,Male,18 to 20,,Percentage (%),Units,Undefined,22.95605205008593
2019,Male,21 to 24,,Percentage (%),Units,Undefined,13.457050783420382
2019,Male,25 to 29,,Percentage (%),Units,Undefined,11.798233114847536
2019,Male,30 to 39,,Percentage (%),Units,Undefined,10.87804277328517
2019,Male,40 to 49,,Percentage (%),Units,Undefined,9.34153400868307
2019,Male,50 to 59,,Percentage (%),Units,Undefined,6.634603526945369
2019,Male,60 to 69,,Percentage (%),Units,Undefined,3.278688524590164
2019,Male,70 and over,,Percentage (%),Units,Undefined,1.9108280254777068
2019,Female,,,Percentage (%),Units,Undefined,14.64190981432361
2019,Female,15 to 17,,Percentage (%),Units,Undefined,0.0
2019,Female,18 to 20,,Percentage (%),Units,Undefined,28.695652173913047
2019,Female,21 to 24,,Percentage (%),Units,Undefined,18.791946308724828
2019,Female,25 to 29,,Percentage (%),Units,Undefined,15.384615384615385
2019,Female,30 to 39,,Percentage (%),Units,Undefined,13.583815028901732
2019,Female,40 to 49,,Percentage (%),Units,Undefined,14.642857142857144
2019,Female,50 to 59,,Percentage (%),Units,Undefined,11.502347417840376
2019,Female,60 to 69,,Percentage (%),Units,Undefined,8.888888888888891
2019,Female,70 and over,,Percentage (%),Units,Undefined,15.625
2019,,,British nationals,Percentage (%),Units,Undefined,10.123598108553752
2019,,,Foreign nationals,Percentage (%),Units,Undefined,17.59269446583783
2019,,,Nationality not recorded,Percentage (%),Units,Undefined,49.15966386554621
