Year,DAC classification,Observation status,Unit multiplier,Unit measure,Value
1970,,Undefined,Units,Percentage (%),0.36
1971,,Undefined,Units,Percentage (%),0.4
1972,,Undefined,Units,Percentage (%),0.38
1973,,Undefined,Units,Percentage (%),0.34
1974,,Undefined,Units,Percentage (%),0.4
1975,,Undefined,Units,Percentage (%),0.39
1976,,Undefined,Units,Percentage (%),0.39
1977,,Undefined,Units,Percentage (%),0.44
1978,,Undefined,Units,Percentage (%),0.46
1979,,Undefined,Units,Percentage (%),0.51
1980,,Undefined,Units,Percentage (%),0.35
1981,,Undefined,Units,Percentage (%),0.43
1982,,Undefined,Units,Percentage (%),0.37
1983,,Undefined,Units,Percentage (%),0.35
1984,,Undefined,Units,Percentage (%),0.33
1985,,Undefined,Units,Percentage (%),0.33
1986,,Undefined,Units,Percentage (%),0.31
1987,,Undefined,Units,Percentage (%),0.28
1988,,Undefined,Units,Percentage (%),0.32
1989,,Undefined,Units,Percentage (%),0.31
1990,,Undefined,Units,Percentage (%),0.27
1991,,Undefined,Units,Percentage (%),0.32
1992,,Undefined,Units,Percentage (%),0.31
1993,,Undefined,Units,Percentage (%),0.31
1994,,Undefined,Units,Percentage (%),0.31
1995,,Undefined,Units,Percentage (%),0.29
1996,,Undefined,Units,Percentage (%),0.27
1997,,Undefined,Units,Percentage (%),0.26
1998,,Undefined,Units,Percentage (%),0.27
1999,,Undefined,Units,Percentage (%),0.24
2000,,Undefined,Units,Percentage (%),0.32
2001,,Undefined,Units,Percentage (%),0.32
2002,,Undefined,Units,Percentage (%),0.31
2003,,Undefined,Units,Percentage (%),0.34
2004,,Undefined,Units,Percentage (%),0.36
2005,,Undefined,Units,Percentage (%),0.47
2006,,Undefined,Units,Percentage (%),0.51
2007,,Undefined,Units,Percentage (%),0.36
2008,,Undefined,Units,Percentage (%),0.43
2009,,Undefined,Units,Percentage (%),0.51
2010,,Undefined,Units,Percentage (%),0.57
2011,,Undefined,Units,Percentage (%),0.56
2012,,Undefined,Units,Percentage (%),0.5700000000000001
2013,,Undefined,Units,Percentage (%),0.7000000000000001
2014,,Undefined,Units,Percentage (%),0.7000000000000001
2015,,Undefined,Units,Percentage (%),0.7000000000000001
2016,,Undefined,Units,Percentage (%),0.7000000000000001
2017,,Undefined,Units,Percentage (%),0.7000000000000001
2012,Least developed countries,Undefined,Units,Percentage (%),0.190657791525
2013,Least developed countries,Undefined,Units,Percentage (%),0.245558584177
2014,Least developed countries,Undefined,Units,Percentage (%),0.238289753018
2015,Least developed countries,Undefined,Units,Percentage (%),0.233142776829
2016,Least developed countries,Undefined,Units,Percentage (%),0.21713112408399998
2017,Least developed countries,Undefined,Units,Percentage (%),0.2295970036821821
