Year,Units,Sex,Age,Country,Region,Malaria species,Fatality,Country of birth,Ethnicity,Region of travel,Observation status,Unit multiplier,Unit measure,GeoCode,Value
2000,"Rate per 100,000 population",,,,,,,,,,Undefined,Units,"Rate per 100,000 population",,3.4762023639999997
2001,"Rate per 100,000 population",,,,,,,,,,Undefined,Units,"Rate per 100,000 population",,3.45778330799999
2002,"Rate per 100,000 population",,,,,,,,,,Undefined,Units,"Rate per 100,000 population",,3.26788154
2003,"Rate per 100,000 population",,,,,,,,,,Undefined,Units,"Rate per 100,000 population",,2.884131912
2004,"Rate per 100,000 population",,,,,,,,,,Undefined,Units,"Rate per 100,000 population",,2.7622851460000004
2005,"Rate per 100,000 population",,,,,,,,,,Undefined,Units,"Rate per 100,000 population",,2.901680088
2006,"Rate per 100,000 population",,,,,,,,,,Undefined,Units,"Rate per 100,000 population",,2.8835847039999996
2007,"Rate per 100,000 population",,,,,,,,,,Undefined,Units,"Rate per 100,000 population",,2.522869107
2008,"Rate per 100,000 population",,,,,,,,,,Undefined,Units,"Rate per 100,000 population",,2.215976081
2009,"Rate per 100,000 population",,,,,,,,,,Undefined,Units,"Rate per 100,000 population",,2.401201944
2010,"Rate per 100,000 population",,,,,,,,,,Undefined,Units,"Rate per 100,000 population",,2.802764893
2011,"Rate per 100,000 population",,,,,,,,,,Undefined,Units,"Rate per 100,000 population",,2.643590372
2012,"Rate per 100,000 population",,,,,,,,,,Undefined,Units,"Rate per 100,000 population",,2.161524765
2013,"Rate per 100,000 population",,,,,,,,,,Undefined,Units,"Rate per 100,000 population",,2.341447137
2014,"Rate per 100,000 population",,,,,,,,,,Undefined,Units,"Rate per 100,000 population",,2.455231805
2015,"Rate per 100,000 population",,,,,,,,,,Undefined,Units,"Rate per 100,000 population",,2.150206219
2016,"Rate per 100,000 population",,,,,,,,,,Undefined,Units,"Rate per 100,000 population",,2.464657978
2017,"Rate per 100,000 population",,,,,,,,,,Undefined,Units,"Rate per 100,000 population",,2.713497556
2000,"Rate per 100,000 population",,,,,,Fatal,,,,Undefined,Units,"Rate per 100,000 population",,0.027171097999999998
2001,"Rate per 100,000 population",,,,,,Fatal,,,,Undefined,Units,"Rate per 100,000 population",,0.015225073
2002,"Rate per 100,000 population",,,,,,Fatal,,,,Undefined,Units,"Rate per 100,000 population",,0.015160275
2003,"Rate per 100,000 population",,,,,,Fatal,,,,Undefined,Units,"Rate per 100,000 population",,0.026829133999999998
2004,"Rate per 100,000 population",,,,,,Fatal,,,,Undefined,Units,"Rate per 100,000 population",,0.008340233
2005,"Rate per 100,000 population",,,,,,Fatal,,,,Undefined,Units,"Rate per 100,000 population",,0.016552653
2006,"Rate per 100,000 population",,,,,,Fatal,,,,Undefined,Units,"Rate per 100,000 population",,0.01315204
2007,"Rate per 100,000 population",,,,,,Fatal,,,,Undefined,Units,"Rate per 100,000 population",,0.00815407
2008,"Rate per 100,000 population",,,,,,Fatal,,,,Undefined,Units,"Rate per 100,000 population",,0.009705005
2009,"Rate per 100,000 population",,,,,,Fatal,,,,Undefined,Units,"Rate per 100,000 population",,0.009636931
2010,"Rate per 100,000 population",,,,,,Fatal,,,,Undefined,Units,"Rate per 100,000 population",,0.011153698
2011,"Rate per 100,000 population",,,,,,Fatal,,,,Undefined,Units,"Rate per 100,000 population",,0.012641197
2012,"Rate per 100,000 population",,,,,,Fatal,,,,Undefined,Units,"Rate per 100,000 population",,0.00313947
2013,"Rate per 100,000 population",,,,,,Fatal,,,,Undefined,Units,"Rate per 100,000 population",,0.010919473999999998
2014,"Rate per 100,000 population",,,,,,Fatal,,,,Undefined,Units,"Rate per 100,000 population",,0.004644196
2015,"Rate per 100,000 population",,,,,,Fatal,,,,Undefined,Units,"Rate per 100,000 population",,0.00921517
2016,"Rate per 100,000 population",,,,,,Fatal,,,,Undefined,Units,"Rate per 100,000 population",,0.009139646
2017,"Rate per 100,000 population",,,,,,Fatal,,,,Undefined,Units,"Rate per 100,000 population",,0.009085371
2000,"Rate per 100,000 population",,,,,P. falciparum,,,,,Undefined,Units,"Rate per 100,000 population",,2.640691097
2001,"Rate per 100,000 population",,,,,P. falciparum,,,,,Undefined,Units,"Rate per 100,000 population",,2.659312798
2002,"Rate per 100,000 population",,,,,P. falciparum,,,,,Undefined,Units,"Rate per 100,000 population",,2.467755905
2003,"Rate per 100,000 population",,,,,P. falciparum,,,,,Undefined,Units,"Rate per 100,000 population",,2.243586336
2004,"Rate per 100,000 population",,,,,P. falciparum,,,,,Undefined,Units,"Rate per 100,000 population",,2.035016835
2005,"Rate per 100,000 population",,,,,P. falciparum,,,,,Undefined,Units,"Rate per 100,000 population",,2.213089719
2006,"Rate per 100,000 population",,,,,P. falciparum,,,,,Undefined,Units,"Rate per 100,000 population",,2.278590878
2007,"Rate per 100,000 population",,,,,P. falciparum,,,,,Undefined,Units,"Rate per 100,000 population",,1.8558662209999999
2008,"Rate per 100,000 population",,,,,P. falciparum,,,,,Undefined,Units,"Rate per 100,000 population",,1.7582233580000002
2009,"Rate per 100,000 population",,,,,P. falciparum,,,,,Undefined,Units,"Rate per 100,000 population",,1.893656917
2010,"Rate per 100,000 population",,,,,P. falciparum,,,,,Undefined,Units,"Rate per 100,000 population",,2.0124457419999997
2011,"Rate per 100,000 population",,,,,P. falciparum,,,,,Undefined,Units,"Rate per 100,000 population",,1.8108515040000002
2012,"Rate per 100,000 population",,,,,P. falciparum,,,,,Undefined,Units,"Rate per 100,000 population",,1.57287423
2013,"Rate per 100,000 population",,,,,P. falciparum,,,,,Undefined,Units,"Rate per 100,000 population",,1.859430371
2014,"Rate per 100,000 population",,,,,P. falciparum,,,,,Undefined,Units,"Rate per 100,000 population",,1.809688512
2015,"Rate per 100,000 population",,,,,P. falciparum,,,,,Undefined,Units,"Rate per 100,000 population",,1.640300172
2016,"Rate per 100,000 population",,,,,P. falciparum,,,,,Undefined,Units,"Rate per 100,000 population",,1.992442914
2017,"Rate per 100,000 population",,,,,P. falciparum,,,,,Undefined,Units,"Rate per 100,000 population",,2.19865985
2000,"Rate per 100,000 population",,,,,P. vivax,,,,,Undefined,Units,"Rate per 100,000 population",,0.546818349
2001,"Rate per 100,000 population",,,,,P. vivax,,,,,Undefined,Units,"Rate per 100,000 population",,0.441527125
2002,"Rate per 100,000 population",,,,,P. vivax,,,,,Undefined,Units,"Rate per 100,000 population",,0.478390906
2003,"Rate per 100,000 population",,,,,P. vivax,,,,,Undefined,Units,"Rate per 100,000 population",,0.34374828
2004,"Rate per 100,000 population",,,,,P. vivax,,,,,Undefined,Units,"Rate per 100,000 population",,0.46038085799999995
2005,"Rate per 100,000 population",,,,,P. vivax,,,,,Undefined,Units,"Rate per 100,000 population",,0.42705845
2006,"Rate per 100,000 population",,,,,P. vivax,,,,,Undefined,Units,"Rate per 100,000 population",,0.356749077
2007,"Rate per 100,000 population",,,,,P. vivax,,,,,Undefined,Units,"Rate per 100,000 population",,0.417488359
2008,"Rate per 100,000 population",,,,,P. vivax,,,,,Undefined,Units,"Rate per 100,000 population",,0.28629764
2009,"Rate per 100,000 population",,,,,P. vivax,,,,,Undefined,Units,"Rate per 100,000 population",,0.329261805
2010,"Rate per 100,000 population",,,,,P. vivax,,,,,Undefined,Units,"Rate per 100,000 population",,0.554498113999999
2011,"Rate per 100,000 population",,,,,P. vivax,,,,,Undefined,Units,"Rate per 100,000 population",,0.655762107
2012,"Rate per 100,000 population",,,,,P. vivax,,,,,Undefined,Units,"Rate per 100,000 population",,0.423828385
2013,"Rate per 100,000 population",,,,,P. vivax,,,,,Undefined,Units,"Rate per 100,000 population",,0.279226541
2014,"Rate per 100,000 population",,,,,P. vivax,,,,,Undefined,Units,"Rate per 100,000 population",,0.348314726
2015,"Rate per 100,000 population",,,,,P. vivax,,,,,Undefined,Units,"Rate per 100,000 population",,0.317923348
2016,"Rate per 100,000 population",,,,,P. vivax,,,,,Undefined,Units,"Rate per 100,000 population",,0.25286355
2017,"Rate per 100,000 population",,,,,P. vivax,,,,,Undefined,Units,"Rate per 100,000 population",,0.248333482
2000,"Rate per 100,000 population",,,,,P. ovale,,,,,Undefined,Units,"Rate per 100,000 population",,0.208877817
2001,"Rate per 100,000 population",,,,,P. ovale,,,,,Undefined,Units,"Rate per 100,000 population",,0.265592945
2002,"Rate per 100,000 population",,,,,P. ovale,,,,,Undefined,Units,"Rate per 100,000 population",,0.224035178
2003,"Rate per 100,000 population",,,,,P. ovale,,,,,Undefined,Units,"Rate per 100,000 population",,0.224693998
2004,"Rate per 100,000 population",,,,,P. ovale,,,,,Undefined,Units,"Rate per 100,000 population",,0.20016559
2005,"Rate per 100,000 population",,,,,P. ovale,,,,,Undefined,Units,"Rate per 100,000 population",,0.19201077600000002
2006,"Rate per 100,000 population",,,,,P. ovale,,,,,Undefined,Units,"Rate per 100,000 population",,0.174264526
2007,"Rate per 100,000 population",,,,,P. ovale,,,,,Undefined,Units,"Rate per 100,000 population",,0.176127901
2008,"Rate per 100,000 population",,,,,P. ovale,,,,,Undefined,Units,"Rate per 100,000 population",,0.12293006
2009,"Rate per 100,000 population",,,,,P. ovale,,,,,Undefined,Units,"Rate per 100,000 population",,0.110824705
2010,"Rate per 100,000 population",,,,,P. ovale,,,,,Undefined,Units,"Rate per 100,000 population",,0.157745153
2011,"Rate per 100,000 population",,,,,P. ovale,,,,,Undefined,Units,"Rate per 100,000 population",,0.121671523
2012,"Rate per 100,000 population",,,,,P. ovale,,,,,Undefined,Units,"Rate per 100,000 population",,0.103602494
2013,"Rate per 100,000 population",,,,,P. ovale,,,,,Undefined,Units,"Rate per 100,000 population",,0.121674135
2014,"Rate per 100,000 population",,,,,P. ovale,,,,,Undefined,Units,"Rate per 100,000 population",,0.201248509
2015,"Rate per 100,000 population",,,,,P. ovale,,,,,Undefined,Units,"Rate per 100,000 population",,0.145906851
2016,"Rate per 100,000 population",,,,,P. ovale,,,,,Undefined,Units,"Rate per 100,000 population",,0.134048147
2017,"Rate per 100,000 population",,,,,P. ovale,,,,,Undefined,Units,"Rate per 100,000 population",,0.16353668300000002
2000,"Rate per 100,000 population",,,,,P. malariae,,,,,Undefined,Units,"Rate per 100,000 population",,0.050945809
2001,"Rate per 100,000 population",,,,,P. malariae,,,,,Undefined,Units,"Rate per 100,000 population",,0.062591968
2002,"Rate per 100,000 population",,,,,P. malariae,,,,,Undefined,Units,"Rate per 100,000 population",,0.072432426
2003,"Rate per 100,000 population",,,,,P. malariae,,,,,Undefined,Units,"Rate per 100,000 population",,0.045274164000000006
2004,"Rate per 100,000 population",,,,,P. malariae,,,,,Undefined,Units,"Rate per 100,000 population",,0.046705304
2005,"Rate per 100,000 population",,,,,P. malariae,,,,,Undefined,Units,"Rate per 100,000 population",,0.048002694000000005
2006,"Rate per 100,000 population",,,,,P. malariae,,,,,Undefined,Units,"Rate per 100,000 population",,0.039456119
2007,"Rate per 100,000 population",,,,,P. malariae,,,,,Undefined,Units,"Rate per 100,000 population",,0.048924417000000005
2008,"Rate per 100,000 population",,,,,P. malariae,,,,,Undefined,Units,"Rate per 100,000 population",,0.032350016
2009,"Rate per 100,000 population",,,,,P. malariae,,,,,Undefined,Units,"Rate per 100,000 population",,0.057821585
2010,"Rate per 100,000 population",,,,,P. malariae,,,,,Undefined,Units,"Rate per 100,000 population",,0.058955259
2011,"Rate per 100,000 population",,,,,P. malariae,,,,,Undefined,Units,"Rate per 100,000 population",,0.048984639
2012,"Rate per 100,000 population",,,,,P. malariae,,,,,Undefined,Units,"Rate per 100,000 population",,0.050231512
2013,"Rate per 100,000 population",,,,,P. malariae,,,,,Undefined,Units,"Rate per 100,000 population",,0.060837068
2014,"Rate per 100,000 population",,,,,P. malariae,,,,,Undefined,Units,"Rate per 100,000 population",,0.063470683
2015,"Rate per 100,000 population",,,,,P. malariae,,,,,Undefined,Units,"Rate per 100,000 population",,0.035324816
2016,"Rate per 100,000 population",,,,,P. malariae,,,,,Undefined,Units,"Rate per 100,000 population",,0.06245425
2017,"Rate per 100,000 population",,,,,P. malariae,,,,,Undefined,Units,"Rate per 100,000 population",,0.08328257
2000,"Rate per 100,000 population",,,,,P. knowlesi,,,,,Undefined,Units,"Rate per 100,000 population",,0.0
2001,"Rate per 100,000 population",,,,,P. knowlesi,,,,,Undefined,Units,"Rate per 100,000 population",,0.0
2002,"Rate per 100,000 population",,,,,P. knowlesi,,,,,Undefined,Units,"Rate per 100,000 population",,0.0
2003,"Rate per 100,000 population",,,,,P. knowlesi,,,,,Undefined,Units,"Rate per 100,000 population",,0.0
2004,"Rate per 100,000 population",,,,,P. knowlesi,,,,,Undefined,Units,"Rate per 100,000 population",,0.0
2005,"Rate per 100,000 population",,,,,P. knowlesi,,,,,Undefined,Units,"Rate per 100,000 population",,0.0
2006,"Rate per 100,000 population",,,,,P. knowlesi,,,,,Undefined,Units,"Rate per 100,000 population",,0.001644005
2007,"Rate per 100,000 population",,,,,P. knowlesi,,,,,Undefined,Units,"Rate per 100,000 population",,0.0
2008,"Rate per 100,000 population",,,,,P. knowlesi,,,,,Undefined,Units,"Rate per 100,000 population",,0.0
2009,"Rate per 100,000 population",,,,,P. knowlesi,,,,,Undefined,Units,"Rate per 100,000 population",,0.0
2010,"Rate per 100,000 population",,,,,P. knowlesi,,,,,Undefined,Units,"Rate per 100,000 population",,0.0
2011,"Rate per 100,000 population",,,,,P. knowlesi,,,,,Undefined,Units,"Rate per 100,000 population",,0.0
2012,"Rate per 100,000 population",,,,,P. knowlesi,,,,,Undefined,Units,"Rate per 100,000 population",,0.0
2013,"Rate per 100,000 population",,,,,P. knowlesi,,,,,Undefined,Units,"Rate per 100,000 population",,0.0
2014,"Rate per 100,000 population",,,,,P. knowlesi,,,,,Undefined,Units,"Rate per 100,000 population",,0.0
2015,"Rate per 100,000 population",,,,,P. knowlesi,,,,,Undefined,Units,"Rate per 100,000 population",,0.0
2016,"Rate per 100,000 population",,,,,P. knowlesi,,,,,Undefined,Units,"Rate per 100,000 population",,0.001523274
2017,"Rate per 100,000 population",,,,,P. knowlesi,,,,,Undefined,Units,"Rate per 100,000 population",,0.003028457
2000,"Rate per 100,000 population",,,,,Mixed,,,,,Undefined,Units,"Rate per 100,000 population",,0.027171097999999998
2001,"Rate per 100,000 population",,,,,Mixed,,,,,Undefined,Units,"Rate per 100,000 population",,0.027066797000000004
2002,"Rate per 100,000 population",,,,,Mixed,,,,,Undefined,Units,"Rate per 100,000 population",,0.021898175
2003,"Rate per 100,000 population",,,,,Mixed,,,,,Undefined,Units,"Rate per 100,000 population",,0.025152313
2004,"Rate per 100,000 population",,,,,Mixed,,,,,Undefined,Units,"Rate per 100,000 population",,0.020016559
2005,"Rate per 100,000 population",,,,,Mixed,,,,,Undefined,Units,"Rate per 100,000 population",,0.016552653
2006,"Rate per 100,000 population",,,,,Mixed,,,,,Undefined,Units,"Rate per 100,000 population",,0.032880098999999996
2007,"Rate per 100,000 population",,,,,Mixed,,,,,Undefined,Units,"Rate per 100,000 population",,0.024462209
2008,"Rate per 100,000 population",,,,,Mixed,,,,,Undefined,Units,"Rate per 100,000 population",,0.014557506999999999
2009,"Rate per 100,000 population",,,,,Mixed,,,,,Undefined,Units,"Rate per 100,000 population",,0.009636931
2010,"Rate per 100,000 population",,,,,Mixed,,,,,Undefined,Units,"Rate per 100,000 population",,0.019120625
2011,"Rate per 100,000 population",,,,,Mixed,,,,,Undefined,Units,"Rate per 100,000 population",,0.0063205990000000005
2012,"Rate per 100,000 population",,,,,Mixed,,,,,Undefined,Units,"Rate per 100,000 population",,0.010988143
2013,"Rate per 100,000 population",,,,,Mixed,,,,,Undefined,Units,"Rate per 100,000 population",,0.020279023
2014,"Rate per 100,000 population",,,,,Mixed,,,,,Undefined,Units,"Rate per 100,000 population",,0.032509374
2015,"Rate per 100,000 population",,,,,Mixed,,,,,Undefined,Units,"Rate per 100,000 population",,0.010751031000000001
2016,"Rate per 100,000 population",,,,,Mixed,,,,,Undefined,Units,"Rate per 100,000 population",,0.019802567
2017,"Rate per 100,000 population",,,,,Mixed,,,,,Undefined,Units,"Rate per 100,000 population",,0.016656514
2000,"Rate per 100,000 population",,,,,P. unspecified,,,,,Undefined,Units,"Rate per 100,000 population",,0.0016981939999999999
2001,"Rate per 100,000 population",,,,,P. unspecified,,,,,Undefined,Units,"Rate per 100,000 population",,0.001691675
2002,"Rate per 100,000 population",,,,,P. unspecified,,,,,Undefined,Units,"Rate per 100,000 population",,0.00336895
2003,"Rate per 100,000 population",,,,,P. unspecified,,,,,Undefined,Units,"Rate per 100,000 population",,0.001676821
2004,"Rate per 100,000 population",,,,,P. unspecified,,,,,Undefined,Units,"Rate per 100,000 population",,0.0
2005,"Rate per 100,000 population",,,,,P. unspecified,,,,,Undefined,Units,"Rate per 100,000 population",,0.004965796
2006,"Rate per 100,000 population",,,,,P. unspecified,,,,,Undefined,Units,"Rate per 100,000 population",,0.0
2007,"Rate per 100,000 population",,,,,P. unspecified,,,,,Undefined,Units,"Rate per 100,000 population",,0.0
2008,"Rate per 100,000 population",,,,,P. unspecified,,,,,Undefined,Units,"Rate per 100,000 population",,0.0016175010000000001
2009,"Rate per 100,000 population",,,,,P. unspecified,,,,,Undefined,Units,"Rate per 100,000 population",,0.0
2010,"Rate per 100,000 population",,,,,P. unspecified,,,,,Undefined,Units,"Rate per 100,000 population",,0.0
2011,"Rate per 100,000 population",,,,,P. unspecified,,,,,Undefined,Units,"Rate per 100,000 population",,0.0
2012,"Rate per 100,000 population",,,,,P. unspecified,,,,,Undefined,Units,"Rate per 100,000 population",,0.0
2013,"Rate per 100,000 population",,,,,P. unspecified,,,,,Undefined,Units,"Rate per 100,000 population",,0.0
2014,"Rate per 100,000 population",,,,,P. unspecified,,,,,Undefined,Units,"Rate per 100,000 population",,0.0
2015,"Rate per 100,000 population",,,,,P. unspecified,,,,,Undefined,Units,"Rate per 100,000 population",,0.0
2016,"Rate per 100,000 population",,,,,P. unspecified,,,,,Undefined,Units,"Rate per 100,000 population",,0.001523274
2017,"Rate per 100,000 population",,,,,P. unspecified,,,,,Undefined,Units,"Rate per 100,000 population",,0.0
2000,"Rate per 100,000 population",,,,,,Non-fatal,,,,Undefined,Units,"Rate per 100,000 population",,3.449031265
2001,"Rate per 100,000 population",,,,,,Non-fatal,,,,Undefined,Units,"Rate per 100,000 population",,3.442558235
2002,"Rate per 100,000 population",,,,,,Non-fatal,,,,Undefined,Units,"Rate per 100,000 population",,3.252721265
2003,"Rate per 100,000 population",,,,,,Non-fatal,,,,Undefined,Units,"Rate per 100,000 population",,2.857302778
2004,"Rate per 100,000 population",,,,,,Non-fatal,,,,Undefined,Units,"Rate per 100,000 population",,2.753944913
2005,"Rate per 100,000 population",,,,,,Non-fatal,,,,Undefined,Units,"Rate per 100,000 population",,2.885127435
2006,"Rate per 100,000 population",,,,,,Non-fatal,,,,Undefined,Units,"Rate per 100,000 population",,2.870432664
2007,"Rate per 100,000 population",,,,,,Non-fatal,,,,Undefined,Units,"Rate per 100,000 population",,2.5147150380000003
2008,"Rate per 100,000 population",,,,,,Non-fatal,,,,Undefined,Units,"Rate per 100,000 population",,2.2062710759999997
2009,"Rate per 100,000 population",,,,,,Non-fatal,,,,Undefined,Units,"Rate per 100,000 population",,2.391565013
2010,"Rate per 100,000 population",,,,,,Non-fatal,,,,Undefined,Units,"Rate per 100,000 population",,2.7916111960000003
2011,"Rate per 100,000 population",,,,,,Non-fatal,,,,Undefined,Units,"Rate per 100,000 population",,2.630949175
2012,"Rate per 100,000 population",,,,,,Non-fatal,,,,Undefined,Units,"Rate per 100,000 population",,2.158385295
2013,"Rate per 100,000 population",,,,,,Non-fatal,,,,Undefined,Units,"Rate per 100,000 population",,2.3305276630000002
2014,"Rate per 100,000 population",,,,,,Non-fatal,,,,Undefined,Units,"Rate per 100,000 population",,2.450587608
2015,"Rate per 100,000 population",,,,,,Non-fatal,,,,Undefined,Units,"Rate per 100,000 population",,2.140991049
2016,"Rate per 100,000 population",,,,,,Non-fatal,,,,Undefined,Units,"Rate per 100,000 population",,2.455518331
2017,"Rate per 100,000 population",,,,,,Non-fatal,,,,Undefined,Units,"Rate per 100,000 population",,2.704412185
2014,"Rate per 100,000 population",,,,,,,,,,Undefined,Units,"Rate per 100,000 population",,2.449039543
2014,"Rate per 100,000 population",,4 and under,,,,,,,,Undefined,Units,"Rate per 100,000 population",,0.9189646990000001
2014,"Rate per 100,000 population",,5 to 9,,,,,,,,Undefined,Units,"Rate per 100,000 population",,1.088291538
2014,"Rate per 100,000 population",,10 to 14,,,,,,,,Undefined,Units,"Rate per 100,000 population",,1.47643636
2014,"Rate per 100,000 population",,15 to 19,,,,,,,,Undefined,Units,"Rate per 100,000 population",,2.389809023
2014,"Rate per 100,000 population",,20 to 24,,,,,,,,Undefined,Units,"Rate per 100,000 population",,3.0597535089999996
2014,"Rate per 100,000 population",,25 to 29,,,,,,,,Undefined,Units,"Rate per 100,000 population",,3.483271078
2014,"Rate per 100,000 population",,30 to 34,,,,,,,,Undefined,Units,"Rate per 100,000 population",,3.9711870869999997
2014,"Rate per 100,000 population",,35 to 39,,,,,,,,Undefined,Units,"Rate per 100,000 population",,3.630280243
2014,"Rate per 100,000 population",,40 to 44,,,,,,,,Undefined,Units,"Rate per 100,000 population",,3.803687801
2014,"Rate per 100,000 population",,45 to 49,,,,,,,,Undefined,Units,"Rate per 100,000 population",,4.0448485960000005
2014,"Rate per 100,000 population",,50 to 54,,,,,,,,Undefined,Units,"Rate per 100,000 population",,3.27496273
2014,"Rate per 100,000 population",,55 to 59,,,,,,,,Undefined,Units,"Rate per 100,000 population",,2.810363684
2014,"Rate per 100,000 population",,60 to 64,,,,,,,,Undefined,Units,"Rate per 100,000 population",,1.765577951
2014,"Rate per 100,000 population",,65 to 69,,,,,,,,Undefined,Units,"Rate per 100,000 population",,1.235315884
2014,"Rate per 100,000 population",,70 and over,,,,,,,,Undefined,Units,"Rate per 100,000 population",,0.5098802689999989
2014,"Rate per 100,000 population",Male,,,,,,,,,Undefined,Units,"Rate per 100,000 population",,3.406329646
2014,"Rate per 100,000 population",Male,4 and under,,,,,,,,Undefined,Units,"Rate per 100,000 population",,0.921270189
2014,"Rate per 100,000 population",Male,5 to 9,,,,,,,,Undefined,Units,"Rate per 100,000 population",,1.1643629999999998
2014,"Rate per 100,000 population",Male,10 to 14,,,,,,,,Undefined,Units,"Rate per 100,000 population",,1.663900894
2014,"Rate per 100,000 population",Male,15 to 19,,,,,,,,Undefined,Units,"Rate per 100,000 population",,3.086001291
2014,"Rate per 100,000 population",Male,20 to 24,,,,,,,,Undefined,Units,"Rate per 100,000 population",,4.237830705
2014,"Rate per 100,000 population",Male,25 to 29,,,,,,,,Undefined,Units,"Rate per 100,000 population",,4.733268918
2014,"Rate per 100,000 population",Male,30 to 34,,,,,,,,Undefined,Units,"Rate per 100,000 population",,5.824585669
2014,"Rate per 100,000 population",Male,35 to 39,,,,,,,,Undefined,Units,"Rate per 100,000 population",,5.732068055
2014,"Rate per 100,000 population",Male,40 to 44,,,,,,,,Undefined,Units,"Rate per 100,000 population",,4.8360309169999995
2014,"Rate per 100,000 population",Male,45 to 49,,,,,,,,Undefined,Units,"Rate per 100,000 population",,5.862693121
2014,"Rate per 100,000 population",Male,50 to 54,,,,,,,,Undefined,Units,"Rate per 100,000 population",,4.767340178
2014,"Rate per 100,000 population",Male,55 to 59,,,,,,,,Undefined,Units,"Rate per 100,000 population",,3.899631906
2014,"Rate per 100,000 population",Male,60 to 64,,,,,,,,Undefined,Units,"Rate per 100,000 population",,2.443596555
2014,"Rate per 100,000 population",Male,65 to 69,,,,,,,,Undefined,Units,"Rate per 100,000 population",,1.559848799
2014,"Rate per 100,000 population",Male,70 and over,,,,,,,,Undefined,Units,"Rate per 100,000 population",,0.733376123
2014,"Rate per 100,000 population",Female,,,,,,,,,Undefined,Units,"Rate per 100,000 population",,1.521202329
2014,"Rate per 100,000 population",Female,4 and under,,,,,,,,Undefined,Units,"Rate per 100,000 population",,0.916543612
2014,"Rate per 100,000 population",Female,5 to 9,,,,,,,,Undefined,Units,"Rate per 100,000 population",,1.008529506
2014,"Rate per 100,000 population",Female,10 to 14,,,,,,,,Undefined,Units,"Rate per 100,000 population",,1.2798123559999999
2014,"Rate per 100,000 population",Female,15 to 19,,,,,,,,Undefined,Units,"Rate per 100,000 population",,1.655088168
2014,"Rate per 100,000 population",Female,20 to 24,,,,,,,,Undefined,Units,"Rate per 100,000 population",,1.8400097380000002
2014,"Rate per 100,000 population",Female,25 to 29,,,,,,,,Undefined,Units,"Rate per 100,000 population",,2.232132689
2014,"Rate per 100,000 population",Female,30 to 34,,,,,,,,Undefined,Units,"Rate per 100,000 population",,2.1430499519999997
2014,"Rate per 100,000 population",Female,35 to 39,,,,,,,,Undefined,Units,"Rate per 100,000 population",,1.545848624
2014,"Rate per 100,000 population",Female,40 to 44,,,,,,,,Undefined,Units,"Rate per 100,000 population",,2.79370641
2014,"Rate per 100,000 population",Female,45 to 49,,,,,,,,Undefined,Units,"Rate per 100,000 population",,2.278563695
2014,"Rate per 100,000 population",Female,50 to 54,,,,,,,,Undefined,Units,"Rate per 100,000 population",,1.817714291
2014,"Rate per 100,000 population",Female,55 to 59,,,,,,,,Undefined,Units,"Rate per 100,000 population",,1.747798802
2014,"Rate per 100,000 population",Female,60 to 64,,,,,,,,Undefined,Units,"Rate per 100,000 population",,1.11556096
2014,"Rate per 100,000 population",Female,65 to 69,,,,,,,,Undefined,Units,"Rate per 100,000 population",,0.9285025709999999
2014,"Rate per 100,000 population",Female,70 and over,,,,,,,,Undefined,Units,"Rate per 100,000 population",,0.338135839
2015,"Rate per 100,000 population",,,,,,,,,,Undefined,Units,"Rate per 100,000 population",,2.136383464
2015,"Rate per 100,000 population",,4 and under,,,,,,,,Undefined,Units,"Rate per 100,000 population",,0.5214680970000001
2015,"Rate per 100,000 population",,5 to 9,,,,,,,,Undefined,Units,"Rate per 100,000 population",,0.809215754
2015,"Rate per 100,000 population",,10 to 14,,,,,,,,Undefined,Units,"Rate per 100,000 population",,1.690497516
2015,"Rate per 100,000 population",,15 to 19,,,,,,,,Undefined,Units,"Rate per 100,000 population",,2.327483156
2015,"Rate per 100,000 population",,20 to 24,,,,,,,,Undefined,Units,"Rate per 100,000 population",,2.607875832
2015,"Rate per 100,000 population",,25 to 29,,,,,,,,Undefined,Units,"Rate per 100,000 population",,2.409240315
2015,"Rate per 100,000 population",,30 to 34,,,,,,,,Undefined,Units,"Rate per 100,000 population",,3.1039435369999997
2015,"Rate per 100,000 population",,35 to 39,,,,,,,,Undefined,Units,"Rate per 100,000 population",,3.407749762
2015,"Rate per 100,000 population",,40 to 44,,,,,,,,Undefined,Units,"Rate per 100,000 population",,3.721480666
2015,"Rate per 100,000 population",,45 to 49,,,,,,,,Undefined,Units,"Rate per 100,000 population",,3.519951973
2015,"Rate per 100,000 population",,50 to 54,,,,,,,,Undefined,Units,"Rate per 100,000 population",,3.110394698
2015,"Rate per 100,000 population",,55 to 59,,,,,,,,Undefined,Units,"Rate per 100,000 population",,2.429972496
2015,"Rate per 100,000 population",,60 to 64,,,,,,,,Undefined,Units,"Rate per 100,000 population",,1.570657154
2015,"Rate per 100,000 population",,65 to 69,,,,,,,,Undefined,Units,"Rate per 100,000 population",,1.2449548209999999
2015,"Rate per 100,000 population",,70 and over,,,,,,,,Undefined,Units,"Rate per 100,000 population",,0.425181872
2015,"Rate per 100,000 population",Male,,,,,,,,,Undefined,Units,"Rate per 100,000 population",,2.9743304989999997
2015,"Rate per 100,000 population",Male,4 and under,,,,,,,,Undefined,Units,"Rate per 100,000 population",,0.6783836440000001
2015,"Rate per 100,000 population",Male,5 to 9,,,,,,,,Undefined,Units,"Rate per 100,000 population",,0.988174516
2015,"Rate per 100,000 population",Male,10 to 14,,,,,,,,Undefined,Units,"Rate per 100,000 population",,1.816638426
2015,"Rate per 100,000 population",Male,15 to 19,,,,,,,,Undefined,Units,"Rate per 100,000 population",,3.3091190669999997
2015,"Rate per 100,000 population",Male,20 to 24,,,,,,,,Undefined,Units,"Rate per 100,000 population",,3.748189327
2015,"Rate per 100,000 population",Male,25 to 29,,,,,,,,Undefined,Units,"Rate per 100,000 population",,3.0055584889999998
2015,"Rate per 100,000 population",Male,30 to 34,,,,,,,,Undefined,Units,"Rate per 100,000 population",,4.680853017
2015,"Rate per 100,000 population",Male,35 to 39,,,,,,,,Undefined,Units,"Rate per 100,000 population",,4.828587604
2015,"Rate per 100,000 population",Male,40 to 44,,,,,,,,Undefined,Units,"Rate per 100,000 population",,5.5906865739999905
2015,"Rate per 100,000 population",Male,45 to 49,,,,,,,,Undefined,Units,"Rate per 100,000 population",,5.082422879
2015,"Rate per 100,000 population",Male,50 to 54,,,,,,,,Undefined,Units,"Rate per 100,000 population",,4.0853573239999905
2015,"Rate per 100,000 population",Male,55 to 59,,,,,,,,Undefined,Units,"Rate per 100,000 population",,2.9734196789999996
2015,"Rate per 100,000 population",Male,60 to 64,,,,,,,,Undefined,Units,"Rate per 100,000 population",,2.332877061
2015,"Rate per 100,000 population",Male,65 to 69,,,,,,,,Undefined,Units,"Rate per 100,000 population",,1.595488869
2015,"Rate per 100,000 population",Male,70 and over,,,,,,,,Undefined,Units,"Rate per 100,000 population",,0.571864823
2015,"Rate per 100,000 population",Female,,,,,,,,,Undefined,Units,"Rate per 100,000 population",,1.322815828
2015,"Rate per 100,000 population",Female,4 and under,,,,,,,,Undefined,Units,"Rate per 100,000 population",,0.356531115
2015,"Rate per 100,000 population",Female,5 to 9,,,,,,,,Undefined,Units,"Rate per 100,000 population",,0.621596757999999
2015,"Rate per 100,000 population",Female,10 to 14,,,,,,,,Undefined,Units,"Rate per 100,000 population",,1.558253579
2015,"Rate per 100,000 population",Female,15 to 19,,,,,,,,Undefined,Units,"Rate per 100,000 population",,1.290597353
2015,"Rate per 100,000 population",Female,20 to 24,,,,,,,,Undefined,Units,"Rate per 100,000 population",,1.423852375
2015,"Rate per 100,000 population",Female,25 to 29,,,,,,,,Undefined,Units,"Rate per 100,000 population",,1.808292922
2015,"Rate per 100,000 population",Female,30 to 34,,,,,,,,Undefined,Units,"Rate per 100,000 population",,1.543747301
2015,"Rate per 100,000 population",Female,35 to 39,,,,,,,,Undefined,Units,"Rate per 100,000 population",,2.000625561
2015,"Rate per 100,000 population",Female,40 to 44,,,,,,,,Undefined,Units,"Rate per 100,000 population",,1.8886837440000002
2015,"Rate per 100,000 population",Female,45 to 49,,,,,,,,Undefined,Units,"Rate per 100,000 population",,2.001389049
2015,"Rate per 100,000 population",Female,50 to 54,,,,,,,,Undefined,Units,"Rate per 100,000 population",,2.1613284740000003
2015,"Rate per 100,000 population",Female,55 to 59,,,,,,,,Undefined,Units,"Rate per 100,000 population",,1.899956301
2015,"Rate per 100,000 population",Female,60 to 64,,,,,,,,Undefined,Units,"Rate per 100,000 population",,0.839349605
2015,"Rate per 100,000 population",Female,65 to 69,,,,,,,,Undefined,Units,"Rate per 100,000 population",,0.914154936
2015,"Rate per 100,000 population",Female,70 and over,,,,,,,,Undefined,Units,"Rate per 100,000 population",,0.31116311
2016,"Rate per 100,000 population",,,,,,,,,,Undefined,Units,"Rate per 100,000 population",,2.4570416059999998
2016,"Rate per 100,000 population",,4 and under,,,,,,,,Undefined,Units,"Rate per 100,000 population",,0.622771412999999
2016,"Rate per 100,000 population",,5 to 9,,,,,,,,Undefined,Units,"Rate per 100,000 population",,0.569665651
2016,"Rate per 100,000 population",,10 to 14,,,,,,,,Undefined,Units,"Rate per 100,000 population",,1.489629695
2016,"Rate per 100,000 population",,15 to 19,,,,,,,,Undefined,Units,"Rate per 100,000 population",,2.302240821
2016,"Rate per 100,000 population",,20 to 24,,,,,,,,Undefined,Units,"Rate per 100,000 population",,2.891565585
2016,"Rate per 100,000 population",,25 to 29,,,,,,,,Undefined,Units,"Rate per 100,000 population",,3.369804072
2016,"Rate per 100,000 population",,30 to 34,,,,,,,,Undefined,Units,"Rate per 100,000 population",,3.493518729
2016,"Rate per 100,000 population",,35 to 39,,,,,,,,Undefined,Units,"Rate per 100,000 population",,4.282771034
2016,"Rate per 100,000 population",,40 to 44,,,,,,,,Undefined,Units,"Rate per 100,000 population",,4.456087771
2016,"Rate per 100,000 population",,45 to 49,,,,,,,,Undefined,Units,"Rate per 100,000 population",,4.134962581
2016,"Rate per 100,000 population",,50 to 54,,,,,,,,Undefined,Units,"Rate per 100,000 population",,3.626957883
2016,"Rate per 100,000 population",,55 to 59,,,,,,,,Undefined,Units,"Rate per 100,000 population",,2.8524461569999997
2016,"Rate per 100,000 population",,60 to 64,,,,,,,,Undefined,Units,"Rate per 100,000 population",,1.895743716
2016,"Rate per 100,000 population",,65 to 69,,,,,,,,Undefined,Units,"Rate per 100,000 population",,0.852464047
2016,"Rate per 100,000 population",,70 and over,,,,,,,,Undefined,Units,"Rate per 100,000 population",,0.69702875
2016,"Rate per 100,000 population",Male,,,,,,,,,Undefined,Units,"Rate per 100,000 population",,3.224444103
2016,"Rate per 100,000 population",Male,4 and under,,,,,,,,Undefined,Units,"Rate per 100,000 population",,0.971874912
2016,"Rate per 100,000 population",Male,5 to 9,,,,,,,,Undefined,Units,"Rate per 100,000 population",,0.483821493
2016,"Rate per 100,000 population",Male,10 to 14,,,,,,,,Undefined,Units,"Rate per 100,000 population",,1.56197906
2016,"Rate per 100,000 population",Male,15 to 19,,,,,,,,Undefined,Units,"Rate per 100,000 population",,2.835688846
2016,"Rate per 100,000 population",Male,20 to 24,,,,,,,,Undefined,Units,"Rate per 100,000 population",,3.537902189
2016,"Rate per 100,000 population",Male,25 to 29,,,,,,,,Undefined,Units,"Rate per 100,000 population",,3.824439753
2016,"Rate per 100,000 population",Male,30 to 34,,,,,,,,Undefined,Units,"Rate per 100,000 population",,4.63791523
2016,"Rate per 100,000 population",Male,35 to 39,,,,,,,,Undefined,Units,"Rate per 100,000 population",,6.057270046
2016,"Rate per 100,000 population",Male,40 to 44,,,,,,,,Undefined,Units,"Rate per 100,000 population",,5.896899004
2016,"Rate per 100,000 population",Male,45 to 49,,,,,,,,Undefined,Units,"Rate per 100,000 population",,5.92897092799999
2016,"Rate per 100,000 population",Male,50 to 54,,,,,,,,Undefined,Units,"Rate per 100,000 population",,5.171464734
2016,"Rate per 100,000 population",Male,55 to 59,,,,,,,,Undefined,Units,"Rate per 100,000 population",,3.9857052680000002
2016,"Rate per 100,000 population",Male,60 to 64,,,,,,,,Undefined,Units,"Rate per 100,000 population",,2.1371310340000003
2016,"Rate per 100,000 population",Male,65 to 69,,,,,,,,Undefined,Units,"Rate per 100,000 population",,0.963690959
2016,"Rate per 100,000 population",Male,70 and over,,,,,,,,Undefined,Units,"Rate per 100,000 population",,0.806464172
2016,"Rate per 100,000 population",Female,,,,,,,,,Undefined,Units,"Rate per 100,000 population",,1.71022994
2016,"Rate per 100,000 population",Female,4 and under,,,,,,,,Undefined,Units,"Rate per 100,000 population",,0.255566755
2016,"Rate per 100,000 population",Female,5 to 9,,,,,,,,Undefined,Units,"Rate per 100,000 population",,0.659704919
2016,"Rate per 100,000 population",Female,10 to 14,,,,,,,,Undefined,Units,"Rate per 100,000 population",,1.413672931
2016,"Rate per 100,000 population",Female,15 to 19,,,,,,,,Undefined,Units,"Rate per 100,000 population",,1.7397327230000001
2016,"Rate per 100,000 population",Female,20 to 24,,,,,,,,Undefined,Units,"Rate per 100,000 population",,2.21439162
2016,"Rate per 100,000 population",Female,25 to 29,,,,,,,,Undefined,Units,"Rate per 100,000 population",,2.907230282
2016,"Rate per 100,000 population",Female,30 to 34,,,,,,,,Undefined,Units,"Rate per 100,000 population",,2.354113973
2016,"Rate per 100,000 population",Female,35 to 39,,,,,,,,Undefined,Units,"Rate per 100,000 population",,2.5245404380000003
2016,"Rate per 100,000 population",Female,40 to 44,,,,,,,,Undefined,Units,"Rate per 100,000 population",,3.0401186410000003
2016,"Rate per 100,000 population",Female,45 to 49,,,,,,,,Undefined,Units,"Rate per 100,000 population",,2.390922691
2016,"Rate per 100,000 population",Female,50 to 54,,,,,,,,Undefined,Units,"Rate per 100,000 population",,2.1274522609999997
2016,"Rate per 100,000 population",Female,55 to 59,,,,,,,,Undefined,Units,"Rate per 100,000 population",,1.7479869019999998
2016,"Rate per 100,000 population",Female,60 to 64,,,,,,,,Undefined,Units,"Rate per 100,000 population",,1.6639488830000002
2016,"Rate per 100,000 population",Female,65 to 69,,,,,,,,Undefined,Units,"Rate per 100,000 population",,0.747677127
2016,"Rate per 100,000 population",Female,70 and over,,,,,,,,Undefined,Units,"Rate per 100,000 population",,0.611137012
2017,"Rate per 100,000 population",,,,,,,,,,Undefined,Units,"Rate per 100,000 population",,2.692298357
2017,"Rate per 100,000 population",,4 and under,,,,,,,,Undefined,Units,"Rate per 100,000 population",,0.9846642329999999
2017,"Rate per 100,000 population",,5 to 9,,,,,,,,Undefined,Units,"Rate per 100,000 population",,1.288457415
2017,"Rate per 100,000 population",,10 to 14,,,,,,,,Undefined,Units,"Rate per 100,000 population",,1.6339055219999998
2017,"Rate per 100,000 population",,15 to 19,,,,,,,,Undefined,Units,"Rate per 100,000 population",,2.024709555
2017,"Rate per 100,000 population",,20 to 24,,,,,,,,Undefined,Units,"Rate per 100,000 population",,2.780924474
2017,"Rate per 100,000 population",,25 to 29,,,,,,,,Undefined,Units,"Rate per 100,000 population",,3.280501842
2017,"Rate per 100,000 population",,30 to 34,,,,,,,,Undefined,Units,"Rate per 100,000 population",,3.821554654
2017,"Rate per 100,000 population",,35 to 39,,,,,,,,Undefined,Units,"Rate per 100,000 population",,3.783100377
2017,"Rate per 100,000 population",,40 to 44,,,,,,,,Undefined,Units,"Rate per 100,000 population",,4.828339
2017,"Rate per 100,000 population",,45 to 49,,,,,,,,Undefined,Units,"Rate per 100,000 population",,4.480941898
2017,"Rate per 100,000 population",,50 to 54,,,,,,,,Undefined,Units,"Rate per 100,000 population",,4.26296176
2017,"Rate per 100,000 population",,55 to 59,,,,,,,,Undefined,Units,"Rate per 100,000 population",,3.7282105810000004
2017,"Rate per 100,000 population",,60 to 64,,,,,,,,Undefined,Units,"Rate per 100,000 population",,2.556504303
2017,"Rate per 100,000 population",,65 to 69,,,,,,,,Undefined,Units,"Rate per 100,000 population",,1.3818524769999998
2017,"Rate per 100,000 population",,70 and over,,,,,,,,Undefined,Units,"Rate per 100,000 population",,0.6693500170000001
2017,"Rate per 100,000 population",Male,,,,,,,,,Undefined,Units,"Rate per 100,000 population",,3.64620728
2017,"Rate per 100,000 population",Male,4 and under,,,,,,,,Undefined,Units,"Rate per 100,000 population",,0.9846774340000001
2017,"Rate per 100,000 population",Male,5 to 9,,,,,,,,Undefined,Units,"Rate per 100,000 population",,1.3299843059999998
2017,"Rate per 100,000 population",Male,10 to 14,,,,,,,,Undefined,Units,"Rate per 100,000 population",,2.142973998
2017,"Rate per 100,000 population",Male,15 to 19,,,,,,,,Undefined,Units,"Rate per 100,000 population",,2.7344904430000003
2017,"Rate per 100,000 population",Male,20 to 24,,,,,,,,Undefined,Units,"Rate per 100,000 population",,3.3820377660000003
2017,"Rate per 100,000 population",Male,25 to 29,,,,,,,,Undefined,Units,"Rate per 100,000 population",,4.358308767
2017,"Rate per 100,000 population",Male,30 to 34,,,,,,,,Undefined,Units,"Rate per 100,000 population",,4.811070182
2017,"Rate per 100,000 population",Male,35 to 39,,,,,,,,Undefined,Units,"Rate per 100,000 population",,5.690989611
2017,"Rate per 100,000 population",Male,40 to 44,,,,,,,,Undefined,Units,"Rate per 100,000 population",,7.051934018
2017,"Rate per 100,000 population",Male,45 to 49,,,,,,,,Undefined,Units,"Rate per 100,000 population",,6.296924839
2017,"Rate per 100,000 population",Male,50 to 54,,,,,,,,Undefined,Units,"Rate per 100,000 population",,6.00394433
2017,"Rate per 100,000 population",Male,55 to 59,,,,,,,,Undefined,Units,"Rate per 100,000 population",,4.9907501530000005
2017,"Rate per 100,000 population",Male,60 to 64,,,,,,,,Undefined,Units,"Rate per 100,000 population",,3.629235076
2017,"Rate per 100,000 population",Male,65 to 69,,,,,,,,Undefined,Units,"Rate per 100,000 population",,1.545600567
2017,"Rate per 100,000 population",Male,70 and over,,,,,,,,Undefined,Units,"Rate per 100,000 population",,0.848464505
2017,"Rate per 100,000 population",Female,,,,,,,,,Undefined,Units,"Rate per 100,000 population",,1.7633823080000002
2017,"Rate per 100,000 population",Female,4 and under,,,,,,,,Undefined,Units,"Rate per 100,000 population",,0.984650338
2017,"Rate per 100,000 population",Female,5 to 9,,,,,,,,Undefined,Units,"Rate per 100,000 population",,1.244921963
2017,"Rate per 100,000 population",Female,10 to 14,,,,,,,,Undefined,Units,"Rate per 100,000 population",,1.098806312
2017,"Rate per 100,000 population",Female,15 to 19,,,,,,,,Undefined,Units,"Rate per 100,000 population",,1.275934053
2017,"Rate per 100,000 population",Female,20 to 24,,,,,,,,Undefined,Units,"Rate per 100,000 population",,2.147627945
2017,"Rate per 100,000 population",Female,25 to 29,,,,,,,,Undefined,Units,"Rate per 100,000 population",,2.180180822
2017,"Rate per 100,000 population",Female,30 to 34,,,,,,,,Undefined,Units,"Rate per 100,000 population",,2.8390757769999997
2017,"Rate per 100,000 population",Female,35 to 39,,,,,,,,Undefined,Units,"Rate per 100,000 population",,1.90163977
2017,"Rate per 100,000 population",Female,40 to 44,,,,,,,,Undefined,Units,"Rate per 100,000 population",,2.63963807599999
2017,"Rate per 100,000 population",Female,45 to 49,,,,,,,,Undefined,Units,"Rate per 100,000 population",,2.715678777
2017,"Rate per 100,000 population",Female,50 to 54,,,,,,,,Undefined,Units,"Rate per 100,000 population",,2.574244807
2017,"Rate per 100,000 population",Female,55 to 59,,,,,,,,Undefined,Units,"Rate per 100,000 population",,2.49941641
2017,"Rate per 100,000 population",Female,60 to 64,,,,,,,,Undefined,Units,"Rate per 100,000 population",,1.525713448
2017,"Rate per 100,000 population",Female,65 to 69,,,,,,,,Undefined,Units,"Rate per 100,000 population",,1.22808702
2017,"Rate per 100,000 population",Female,70 and over,,,,,,,,Undefined,Units,"Rate per 100,000 population",,0.5269586789999989
2014,"Rate per 100,000 population",,,England,London,,,,,,Undefined,Units,"Rate per 100,000 population",E12000007,9.122422916
2014,"Rate per 100,000 population",,,England,South East,,,,,,Undefined,Units,"Rate per 100,000 population",E12000008,1.4987595790000001
2014,"Rate per 100,000 population",,,England,West Midlands,,,,,,Undefined,Units,"Rate per 100,000 population",E12000005,2.012798246
2014,"Rate per 100,000 population",,,England,North West,,,,,,Undefined,Units,"Rate per 100,000 population",E12000002,1.696334767
2014,"Rate per 100,000 population",,,England,East of England,,,,,,Undefined,Units,"Rate per 100,000 population",E12000006,1.8779342719999998
2014,"Rate per 100,000 population",,,England,Yorkshire and The Humber,,,,,,Undefined,Units,"Rate per 100,000 population",E12000003,1.809661991
2014,"Rate per 100,000 population",,,England,South West,,,,,,Undefined,Units,"Rate per 100,000 population",E12000009,1.087902925
2014,"Rate per 100,000 population",,,England,East Midlands,,,,,,Undefined,Units,"Rate per 100,000 population",E12000004,1.03506967
2014,"Rate per 100,000 population",,,England,North East,,,,,,Undefined,Units,"Rate per 100,000 population",E12000001,0.38186361700000004
2014,"Rate per 100,000 population",,,England,,,,,,,Undefined,Units,"Rate per 100,000 population",E92000001,2.715559352
2014,"Rate per 100,000 population",,,Scotland,,,,,,,Undefined,Units,"Rate per 100,000 population",S92000003,1.421198295
2014,"Rate per 100,000 population",,,Wales,,,,,,,Undefined,Units,"Rate per 100,000 population",W92000004,1.067257949
2014,"Rate per 100,000 population",,,Northern Ireland,,,,,,,Undefined,Units,"Rate per 100,000 population",N92000002,0.108666241
2015,"Rate per 100,000 population",,,England,London,,,,,,Undefined,Units,"Rate per 100,000 population",E12000007,7.857453562000001
2015,"Rate per 100,000 population",,,England,South East,,,,,,Undefined,Units,"Rate per 100,000 population",E12000008,1.340873212
2015,"Rate per 100,000 population",,,England,West Midlands,,,,,,Undefined,Units,"Rate per 100,000 population",E12000005,2.119883955
2015,"Rate per 100,000 population",,,England,North West,,,,,,Undefined,Units,"Rate per 100,000 population",E12000002,1.5888107580000002
2015,"Rate per 100,000 population",,,England,East of England,,,,,,Undefined,Units,"Rate per 100,000 population",E12000006,1.8927019059999999
2015,"Rate per 100,000 population",,,England,Yorkshire and The Humber,,,,,,Undefined,Units,"Rate per 100,000 population",E12000003,1.2615461620000001
2015,"Rate per 100,000 population",,,England,South West,,,,,,Undefined,Units,"Rate per 100,000 population",E12000009,0.950360132
2015,"Rate per 100,000 population",,,England,East Midlands,,,,,,Undefined,Units,"Rate per 100,000 population",E12000004,0.833792097
2015,"Rate per 100,000 population",,,England,North East,,,,,,Undefined,Units,"Rate per 100,000 population",E12000001,0.304810791
2015,"Rate per 100,000 population",,,England,,,,,,,Undefined,Units,"Rate per 100,000 population",E92000001,2.407535004
2015,"Rate per 100,000 population",,,Scotland,,,,,,,Undefined,Units,"Rate per 100,000 population",S92000003,0.9119672440000001
2015,"Rate per 100,000 population",,,Wales,,,,,,,Undefined,Units,"Rate per 100,000 population",W92000004,0.677619142999999
2015,"Rate per 100,000 population",,,Northern Ireland,,,,,,,Undefined,Units,"Rate per 100,000 population",N92000002,0.594074057
2016,"Rate per 100,000 population",,,England,London,,,,,,Undefined,Units,"Rate per 100,000 population",E12000007,9.612688475
2016,"Rate per 100,000 population",,,England,South East,,,,,,Undefined,Units,"Rate per 100,000 population",E12000008,1.5614017930000001
2016,"Rate per 100,000 population",,,England,West Midlands,,,,,,Undefined,Units,"Rate per 100,000 population",E12000005,2.030710888
2016,"Rate per 100,000 population",,,England,North West,,,,,,Undefined,Units,"Rate per 100,000 population",E12000002,1.481181861
2016,"Rate per 100,000 population",,,England,East of England,,,,,,Undefined,Units,"Rate per 100,000 population",E12000006,1.990535168
2016,"Rate per 100,000 population",,,England,Yorkshire and The Humber,,,,,,Undefined,Units,"Rate per 100,000 population",E12000003,1.2533707379999999
2016,"Rate per 100,000 population",,,England,South West,,,,,,Undefined,Units,"Rate per 100,000 population",E12000009,1.178182311
2016,"Rate per 100,000 population",,,England,East Midlands,,,,,,Undefined,Units,"Rate per 100,000 population",E12000004,0.9099778009999999
2016,"Rate per 100,000 population",,,England,North East,,,,,,Undefined,Units,"Rate per 100,000 population",E12000001,0.834411430999999
2016,"Rate per 100,000 population",,,England,,,,,,,Undefined,Units,"Rate per 100,000 population",E92000001,2.7665161510000003
2016,"Rate per 100,000 population",,,Scotland,,,,,,,Undefined,Units,"Rate per 100,000 population",S92000003,1.073140045
2016,"Rate per 100,000 population",,,Wales,,,,,,,Undefined,Units,"Rate per 100,000 population",W92000004,0.8030451470000001
2016,"Rate per 100,000 population",,,Northern Ireland,,,,,,,Undefined,Units,"Rate per 100,000 population",N92000002,0.32221045
2017,"Rate per 100,000 population",,,England,London,,,,,,Undefined,Units,"Rate per 100,000 population",E12000007,10.44759088
2017,"Rate per 100,000 population",,,England,South East,,,,,,Undefined,Units,"Rate per 100,000 population",E12000008,1.706893371
2017,"Rate per 100,000 population",,,England,West Midlands,,,,,,Undefined,Units,"Rate per 100,000 population",E12000005,2.7471093069999997
2017,"Rate per 100,000 population",,,England,North West,,,,,,Undefined,Units,"Rate per 100,000 population",E12000002,1.763418895
2017,"Rate per 100,000 population",,,England,East of England,,,,,,Undefined,Units,"Rate per 100,000 population",E12000006,1.8481195869999998
2017,"Rate per 100,000 population",,,England,Yorkshire and The Humber,,,,,,Undefined,Units,"Rate per 100,000 population",E12000003,1.449506709
2017,"Rate per 100,000 population",,,England,South West,,,,,,Undefined,Units,"Rate per 100,000 population",E12000009,1.313111181
2017,"Rate per 100,000 population",,,England,East Midlands,,,,,,Undefined,Units,"Rate per 100,000 population",E12000004,1.04785205
2017,"Rate per 100,000 population",,,England,North East,,,,,,Undefined,Units,"Rate per 100,000 population",E12000001,0.983088236
2017,"Rate per 100,000 population",,,England,,,,,,,Undefined,Units,"Rate per 100,000 population",E92000001,3.070869299
2017,"Rate per 100,000 population",,,Scotland,,,,,,,Undefined,Units,"Rate per 100,000 population",S92000003,0.921692966
2017,"Rate per 100,000 population",,,Wales,,,,,,,Undefined,Units,"Rate per 100,000 population",W92000004,0.767959452
2017,"Rate per 100,000 population",,,Northern Ireland,,,,,,,Undefined,Units,"Rate per 100,000 population",N92000002,0.5345209679999989
2014,Number of cases,,,,,,,Africa,,,Undefined,Units,Number,,403.0
2014,Number of cases,,,,,,,United Kingdom,,,Undefined,Units,Number,,189.0
2014,Number of cases,,,,,,,Indian subcontinent,,,Undefined,Units,Number,,46.0
2014,Number of cases,,,,,,,Europe (non UK),,,Undefined,Units,Number,,10.0
2014,Number of cases,,,,,,,Other,,,Undefined,Units,Number,,9.0
2015,Number of cases,,,,,,,Africa,,,Undefined,Units,Number,,345.0
2015,Number of cases,,,,,,,United Kingdom,,,Undefined,Units,Number,,130.0
2015,Number of cases,,,,,,,Indian subcontinent,,,Undefined,Units,Number,,37.0
2015,Number of cases,,,,,,,Europe (non UK),,,Undefined,Units,Number,,11.0
2015,Number of cases,,,,,,,Other,,,Undefined,Units,Number,,8.0
2016,Number of cases,,,,,,,Africa,,,Undefined,Units,Number,,465.0
2016,Number of cases,,,,,,,United Kingdom,,,Undefined,Units,Number,,162.0
2016,Number of cases,,,,,,,Indian subcontinent,,,Undefined,Units,Number,,35.0
2016,Number of cases,,,,,,,Europe (non UK),,,Undefined,Units,Number,,15.0
2016,Number of cases,,,,,,,Other,,,Undefined,Units,Number,,16.0
2017,Number of cases,,,,,,,Africa,,,Undefined,Units,Number,,525.0
2017,Number of cases,,,,,,,United Kingdom,,,Undefined,Units,Number,,199.0
2017,Number of cases,,,,,,,Indian subcontinent,,,Undefined,Units,Number,,45.0
2017,Number of cases,,,,,,,Europe (non UK),,,Undefined,Units,Number,,22.0
2017,Number of cases,,,,,,,Other,,,Undefined,Units,Number,,13.0
2014,Number of cases,,,,,,,,Black African/African descent,,Undefined,Units,Number,,680.0
2014,Number of cases,,,,,,,,Indian/Pakistani/Bangladesh (ISC)/ISC descent,,Undefined,Units,Number,,90.0
2014,Number of cases,,,,,,,,Other/mixed,,Undefined,Units,Number,,57.0
2014,Number of cases,,,,,,,,White British,,Undefined,Units,Number,,145.0
2015,Number of cases,,,,,,,,Black African/African descent,,Undefined,Units,Number,,518.0
2015,Number of cases,,,,,,,,Indian/Pakistani/Bangladesh (ISC)/ISC descent,,Undefined,Units,Number,,72.0
2015,Number of cases,,,,,,,,Other/mixed,,Undefined,Units,Number,,42.0
2015,Number of cases,,,,,,,,White British,,Undefined,Units,Number,,93.0
2016,Number of cases,,,,,,,,Black African/African descent,,Undefined,Units,Number,,763.0
2016,Number of cases,,,,,,,,Indian/Pakistani/Bangladesh (ISC)/ISC descent,,Undefined,Units,Number,,80.0
2016,Number of cases,,,,,,,,Other/mixed,,Undefined,Units,Number,,63.0
2016,Number of cases,,,,,,,,White British,,Undefined,Units,Number,,105.0
2017,Number of cases,,,,,,,,Black African/African descent,,Undefined,Units,Number,,900.0
2017,Number of cases,,,,,,,,Indian/Pakistani/Bangladesh (ISC)/ISC descent,,Undefined,Units,Number,,84.0
2017,Number of cases,,,,,,,,Other/mixed,,Undefined,Units,Number,,77.0
2017,Number of cases,,,,,,,,White British,,Undefined,Units,Number,,131.0
2014,Number of cases,,,,,,,,,Western Africa,Undefined,Units,Number,,619.0
2014,Number of cases,,,,,,,,,Eastern Africa,Undefined,Units,Number,,127.0
2014,Number of cases,,,,,,,,,Middle Africa,Undefined,Units,Number,,76.0
2014,Number of cases,,,,,,,,,Northern Africa,Undefined,Units,Number,,14.0
2014,Number of cases,,,,,,,,,Southern Africa,Undefined,Units,Number,,4.0
2014,Number of cases,,,,,,,,,Africa unspecified,Undefined,Units,Number,,8.0
2014,Number of cases,,,,,,,,,Southern Asia,Undefined,Units,Number,,90.0
2014,Number of cases,,,,,,,,,South-Eastern Asia,Undefined,Units,Number,,3.0
2014,Number of cases,,,,,,,,,Western Asia,Undefined,Units,Number,,1.0
2014,Number of cases,,,,,,,,,Caribbean,Undefined,Units,Number,,0.0
2014,Number of cases,,,,,,,,,Central America,Undefined,Units,Number,,1.0
2014,Number of cases,,,,,,,,,South America,Undefined,Units,Number,,6.0
2014,Number of cases,,,,,,,,,Oceania,Undefined,Units,Number,,1.0
2014,Number of cases,,,,,,,,,Not stated,Undefined,Units,Number,,22.0
2015,Number of cases,,,,,,,,,Western Africa,Undefined,Units,Number,,473.0
2015,Number of cases,,,,,,,,,Eastern Africa,Undefined,Units,Number,,77.0
2015,Number of cases,,,,,,,,,Middle Africa,Undefined,Units,Number,,71.0
2015,Number of cases,,,,,,,,,Northern Africa,Undefined,Units,Number,,9.0
2015,Number of cases,,,,,,,,,Southern Africa,Undefined,Units,Number,,1.0
2015,Number of cases,,,,,,,,,Africa unspecified,Undefined,Units,Number,,5.0
2015,Number of cases,,,,,,,,,Southern Asia,Undefined,Units,Number,,78.0
2015,Number of cases,,,,,,,,,South-Eastern Asia,Undefined,Units,Number,,1.0
2015,Number of cases,,,,,,,,,Western Asia,Undefined,Units,Number,,1.0
2015,Number of cases,,,,,,,,,Caribbean,Undefined,Units,Number,,0.0
2015,Number of cases,,,,,,,,,Central America,Undefined,Units,Number,,0.0
2015,Number of cases,,,,,,,,,South America,Undefined,Units,Number,,7.0
2015,Number of cases,,,,,,,,,Oceania,Undefined,Units,Number,,0.0
2015,Number of cases,,,,,,,,,Not stated,Undefined,Units,Number,,2.0
2016,Number of cases,,,,,,,,,Western Africa,Undefined,Units,Number,,621.0
2016,Number of cases,,,,,,,,,Eastern Africa,Undefined,Units,Number,,142.0
2016,Number of cases,,,,,,,,,Middle Africa,Undefined,Units,Number,,113.0
2016,Number of cases,,,,,,,,,Northern Africa,Undefined,Units,Number,,17.0
2016,Number of cases,,,,,,,,,Southern Africa,Undefined,Units,Number,,3.0
2016,Number of cases,,,,,,,,,Africa unspecified,Undefined,Units,Number,,6.0
2016,Number of cases,,,,,,,,,Southern Asia,Undefined,Units,Number,,82.0
2016,Number of cases,,,,,,,,,South-Eastern Asia,Undefined,Units,Number,,2.0
2016,Number of cases,,,,,,,,,Western Asia,Undefined,Units,Number,,0.0
2016,Number of cases,,,,,,,,,Caribbean,Undefined,Units,Number,,2.0
2016,Number of cases,,,,,,,,,Central America,Undefined,Units,Number,,0.0
2016,Number of cases,,,,,,,,,South America,Undefined,Units,Number,,2.0
2016,Number of cases,,,,,,,,,Oceania,Undefined,Units,Number,,2.0
2016,Number of cases,,,,,,,,,Not stated,Undefined,Units,Number,,19.0
2017,Number of cases,,,,,,,,,Western Africa,Undefined,Units,Number,,797.0
2017,Number of cases,,,,,,,,,Eastern Africa,Undefined,Units,Number,,148.0
2017,Number of cases,,,,,,,,,Middle Africa,Undefined,Units,Number,,91.0
2017,Number of cases,,,,,,,,,Northern Africa,Undefined,Units,Number,,14.0
2017,Number of cases,,,,,,,,,Southern Africa,Undefined,Units,Number,,7.0
2017,Number of cases,,,,,,,,,Africa unspecified,Undefined,Units,Number,,11.0
2017,Number of cases,,,,,,,,,Southern Asia,Undefined,Units,Number,,87.0
2017,Number of cases,,,,,,,,,South-Eastern Asia,Undefined,Units,Number,,3.0
2017,Number of cases,,,,,,,,,Western Asia,Undefined,Units,Number,,3.0
2017,Number of cases,,,,,,,,,Caribbean,Undefined,Units,Number,,0.0
2017,Number of cases,,,,,,,,,Central America,Undefined,Units,Number,,0.0
2017,Number of cases,,,,,,,,,South America,Undefined,Units,Number,,5.0
2017,Number of cases,,,,,,,,,Oceania,Undefined,Units,Number,,2.0
2017,Number of cases,,,,,,,,,Not stated,Undefined,Units,Number,,24.0
2014,Percentage (%) of total cases,,,,,,,,,Western Africa,Undefined,Units,Percentage (%),,63.68312757
2014,Percentage (%) of total cases,,,,,,,,,Eastern Africa,Undefined,Units,Percentage (%),,13.06584362
2014,Percentage (%) of total cases,,,,,,,,,Middle Africa,Undefined,Units,Percentage (%),,7.818930041000001
2014,Percentage (%) of total cases,,,,,,,,,Northern Africa,Undefined,Units,Percentage (%),,1.440329218
2014,Percentage (%) of total cases,,,,,,,,,Southern Africa,Undefined,Units,Percentage (%),,0.411522634
2014,Percentage (%) of total cases,,,,,,,,,Africa unspecified,Undefined,Units,Percentage (%),,0.823045267
2014,Percentage (%) of total cases,,,,,,,,,Southern Asia,Undefined,Units,Percentage (%),,9.259259259
2014,Percentage (%) of total cases,,,,,,,,,South-Eastern Asia,Undefined,Units,Percentage (%),,0.308641975
2014,Percentage (%) of total cases,,,,,,,,,Western Asia,Undefined,Units,Percentage (%),,0.10288065800000001
2014,Percentage (%) of total cases,,,,,,,,,Central America,Undefined,Units,Percentage (%),,0.10288065800000001
2014,Percentage (%) of total cases,,,,,,,,,South America,Undefined,Units,Percentage (%),,0.617283951
2014,Percentage (%) of total cases,,,,,,,,,Oceania,Undefined,Units,Percentage (%),,0.10288065800000001
2014,Percentage (%) of total cases,,,,,,,,,Not stated,Undefined,Units,Percentage (%),,2.263374486
2015,Percentage (%) of total cases,,,,,,,,,Western Africa,Undefined,Units,Percentage (%),,65.24137931
2015,Percentage (%) of total cases,,,,,,,,,Eastern Africa,Undefined,Units,Percentage (%),,10.62068966
2015,Percentage (%) of total cases,,,,,,,,,Middle Africa,Undefined,Units,Percentage (%),,9.793103448
2015,Percentage (%) of total cases,,,,,,,,,Northern Africa,Undefined,Units,Percentage (%),,1.24137931
2015,Percentage (%) of total cases,,,,,,,,,Southern Africa,Undefined,Units,Percentage (%),,0.137931034
2015,Percentage (%) of total cases,,,,,,,,,Africa unspecified,Undefined,Units,Percentage (%),,0.689655172
2015,Percentage (%) of total cases,,,,,,,,,Southern Asia,Undefined,Units,Percentage (%),,10.75862069
2015,Percentage (%) of total cases,,,,,,,,,South-Eastern Asia,Undefined,Units,Percentage (%),,0.137931034
2015,Percentage (%) of total cases,,,,,,,,,Western Asia,Undefined,Units,Percentage (%),,0.137931034
2015,Percentage (%) of total cases,,,,,,,,,South America,Undefined,Units,Percentage (%),,0.9655172409999999
2015,Percentage (%) of total cases,,,,,,,,,Not stated,Undefined,Units,Percentage (%),,0.275862069
2016,Percentage (%) of total cases,,,,,,,,,Western Africa,Undefined,Units,Percentage (%),,61.42433234
2016,Percentage (%) of total cases,,,,,,,,,Eastern Africa,Undefined,Units,Percentage (%),,14.04549951
2016,Percentage (%) of total cases,,,,,,,,,Middle Africa,Undefined,Units,Percentage (%),,11.17705242
2016,Percentage (%) of total cases,,,,,,,,,Northern Africa,Undefined,Units,Percentage (%),,1.6815034619999998
2016,Percentage (%) of total cases,,,,,,,,,Southern Africa,Undefined,Units,Percentage (%),,0.296735905
2016,Percentage (%) of total cases,,,,,,,,,Africa unspecified,Undefined,Units,Percentage (%),,0.59347181
2016,Percentage (%) of total cases,,,,,,,,,Southern Asia,Undefined,Units,Percentage (%),,8.110781405
2016,Percentage (%) of total cases,,,,,,,,,South-Eastern Asia,Undefined,Units,Percentage (%),,0.197823937
2016,Percentage (%) of total cases,,,,,,,,,Caribbean,Undefined,Units,Percentage (%),,0.197823937
2016,Percentage (%) of total cases,,,,,,,,,South America,Undefined,Units,Percentage (%),,0.197823937
2016,Percentage (%) of total cases,,,,,,,,,Oceania,Undefined,Units,Percentage (%),,0.197823937
2016,Percentage (%) of total cases,,,,,,,,,Not stated,Undefined,Units,Percentage (%),,1.8793273990000001
2017,Percentage (%) of total cases,,,,,,,,,Western Africa,Undefined,Units,Percentage (%),,66.86241611
2017,Percentage (%) of total cases,,,,,,,,,Eastern Africa,Undefined,Units,Percentage (%),,12.41610738
2017,Percentage (%) of total cases,,,,,,,,,Middle Africa,Undefined,Units,Percentage (%),,7.634228188
2017,Percentage (%) of total cases,,,,,,,,,Northern Africa,Undefined,Units,Percentage (%),,1.174496644
2017,Percentage (%) of total cases,,,,,,,,,Southern Africa,Undefined,Units,Percentage (%),,0.587248322
2017,Percentage (%) of total cases,,,,,,,,,Africa unspecified,Undefined,Units,Percentage (%),,0.922818792
2017,Percentage (%) of total cases,,,,,,,,,Southern Asia,Undefined,Units,Percentage (%),,7.29865771799999
2017,Percentage (%) of total cases,,,,,,,,,South-Eastern Asia,Undefined,Units,Percentage (%),,0.251677852
2017,Percentage (%) of total cases,,,,,,,,,Western Asia,Undefined,Units,Percentage (%),,0.251677852
2017,Percentage (%) of total cases,,,,,,,,,South America,Undefined,Units,Percentage (%),,0.419463087
2017,Percentage (%) of total cases,,,,,,,,,Oceania,Undefined,Units,Percentage (%),,0.167785235
2017,Percentage (%) of total cases,,,,,,,,,Not stated,Undefined,Units,Percentage (%),,2.013422819
2014,Percentage (%) of total cases,,,,,,,Africa,,,Undefined,Units,Percentage (%),,61.33942161
2014,Percentage (%) of total cases,,,,,,,United Kingdom,,,Undefined,Units,Percentage (%),,28.76712329
2014,Percentage (%) of total cases,,,,,,,Indian subcontinent,,,Undefined,Units,Percentage (%),,7.00152207
2014,Percentage (%) of total cases,,,,,,,Europe (non UK),,,Undefined,Units,Percentage (%),,1.522070015
2014,Percentage (%) of total cases,,,,,,,Other,,,Undefined,Units,Percentage (%),,1.369863014
2015,Percentage (%) of total cases,,,,,,,Africa,,,Undefined,Units,Percentage (%),,64.97175141
2015,Percentage (%) of total cases,,,,,,,United Kingdom,,,Undefined,Units,Percentage (%),,24.48210923
2015,Percentage (%) of total cases,,,,,,,Indian subcontinent,,,Undefined,Units,Percentage (%),,6.9679849339999995
2015,Percentage (%) of total cases,,,,,,,Europe (non UK),,,Undefined,Units,Percentage (%),,2.071563089
2015,Percentage (%) of total cases,,,,,,,Other,,,Undefined,Units,Percentage (%),,1.506591337
2016,Percentage (%) of total cases,,,,,,,Africa,,,Undefined,Units,Percentage (%),,67.0995671
2016,Percentage (%) of total cases,,,,,,,United Kingdom,,,Undefined,Units,Percentage (%),,23.37662338
2016,Percentage (%) of total cases,,,,,,,Indian subcontinent,,,Undefined,Units,Percentage (%),,5.050505051
2016,Percentage (%) of total cases,,,,,,,Europe (non UK),,,Undefined,Units,Percentage (%),,2.164502165
2016,Percentage (%) of total cases,,,,,,,Other,,,Undefined,Units,Percentage (%),,2.3088023090000003
2017,Percentage (%) of total cases,,,,,,,Africa,,,Undefined,Units,Percentage (%),,65.29850746
2017,Percentage (%) of total cases,,,,,,,United Kingdom,,,Undefined,Units,Percentage (%),,24.75124378
2017,Percentage (%) of total cases,,,,,,,Indian subcontinent,,,Undefined,Units,Percentage (%),,5.597014925
2017,Percentage (%) of total cases,,,,,,,Europe (non UK),,,Undefined,Units,Percentage (%),,2.7363184080000003
2017,Percentage (%) of total cases,,,,,,,Other,,,Undefined,Units,Percentage (%),,1.616915423
2014,Percentage (%) of total cases,,,,,,,,Black African/African descent,,Undefined,Units,Percentage (%),,69.95884774
2014,Percentage (%) of total cases,,,,,,,,Indian/Pakistani/Bangladesh (ISC)/ISC descent,,Undefined,Units,Percentage (%),,9.259259259
2014,Percentage (%) of total cases,,,,,,,,Other/mixed,,Undefined,Units,Percentage (%),,5.864197531
2014,Percentage (%) of total cases,,,,,,,,White British,,Undefined,Units,Percentage (%),,14.91769547
2015,Percentage (%) of total cases,,,,,,,,Black African/African descent,,Undefined,Units,Percentage (%),,71.44827586
2015,Percentage (%) of total cases,,,,,,,,Indian/Pakistani/Bangladesh (ISC)/ISC descent,,Undefined,Units,Percentage (%),,9.931034483
2015,Percentage (%) of total cases,,,,,,,,Other/mixed,,Undefined,Units,Percentage (%),,5.79310344799999
2015,Percentage (%) of total cases,,,,,,,,White British,,Undefined,Units,Percentage (%),,12.82758621
2016,Percentage (%) of total cases,,,,,,,,Black African/African descent,,Undefined,Units,Percentage (%),,75.46983185
2016,Percentage (%) of total cases,,,,,,,,Indian/Pakistani/Bangladesh (ISC)/ISC descent,,Undefined,Units,Percentage (%),,7.91295746799999
2016,Percentage (%) of total cases,,,,,,,,Other/mixed,,Undefined,Units,Percentage (%),,6.231454006
2016,Percentage (%) of total cases,,,,,,,,White British,,Undefined,Units,Percentage (%),,10.38575668
2017,Percentage (%) of total cases,,,,,,,,Black African/African descent,,Undefined,Units,Percentage (%),,75.5033557
2017,Percentage (%) of total cases,,,,,,,,Indian/Pakistani/Bangladesh (ISC)/ISC descent,,Undefined,Units,Percentage (%),,7.046979866
2017,Percentage (%) of total cases,,,,,,,,Other/mixed,,Undefined,Units,Percentage (%),,6.4597315439999905
2017,Percentage (%) of total cases,,,,,,,,White British,,Undefined,Units,Percentage (%),,10.98993289
2000,Number of cases,,,,,,,,,,Undefined,Units,Number,,2047.0
2001,Number of cases,,,,,,,,,,Undefined,Units,Number,,2044.0
2002,Number of cases,,,,,,,,,,Undefined,Units,Number,,1940.0
2003,Number of cases,,,,,,,,,,Undefined,Units,Number,,1720.0
2004,Number of cases,,,,,,,,,,Undefined,Units,Number,,1656.0
2005,Number of cases,,,,,,,,,,Undefined,Units,Number,,1753.0
2006,Number of cases,,,,,,,,,,Undefined,Units,Number,,1754.0
2007,Number of cases,,,,,,,,,,Undefined,Units,Number,,1547.0
2008,Number of cases,,,,,,,,,,Undefined,Units,Number,,1370.0
2009,Number of cases,,,,,,,,,,Undefined,Units,Number,,1495.0
2010,Number of cases,,,,,,,,,,Undefined,Units,Number,,1759.0
2011,Number of cases,,,,,,,,,,Undefined,Units,Number,,1673.0
2012,Number of cases,,,,,,,,,,Undefined,Units,Number,,1377.0
2013,Number of cases,,,,,,,,,,Undefined,Units,Number,,1501.0
2014,Number of cases,,,,,,,,,,Undefined,Units,Number,,1586.0
2015,Number of cases,,,,,,,,,,Undefined,Units,Number,,1400.0
2016,Number of cases,,,,,,,,,,Undefined,Units,Number,,1618.0
2017,Number of cases,,,,,,,,,,Undefined,Units,Number,,1792.0
2000,Number of cases,,,,,,Fatal,,,,Undefined,Units,Number,,16.0
2001,Number of cases,,,,,,Fatal,,,,Undefined,Units,Number,,9.0
2002,Number of cases,,,,,,Fatal,,,,Undefined,Units,Number,,9.0
2003,Number of cases,,,,,,Fatal,,,,Undefined,Units,Number,,16.0
2004,Number of cases,,,,,,Fatal,,,,Undefined,Units,Number,,5.0
2005,Number of cases,,,,,,Fatal,,,,Undefined,Units,Number,,10.0
2006,Number of cases,,,,,,Fatal,,,,Undefined,Units,Number,,8.0
2007,Number of cases,,,,,,Fatal,,,,Undefined,Units,Number,,5.0
2008,Number of cases,,,,,,Fatal,,,,Undefined,Units,Number,,6.0
2009,Number of cases,,,,,,Fatal,,,,Undefined,Units,Number,,6.0
2010,Number of cases,,,,,,Fatal,,,,Undefined,Units,Number,,7.0
2011,Number of cases,,,,,,Fatal,,,,Undefined,Units,Number,,8.0
2012,Number of cases,,,,,,Fatal,,,,Undefined,Units,Number,,2.0
2013,Number of cases,,,,,,Fatal,,,,Undefined,Units,Number,,7.0
2014,Number of cases,,,,,,Fatal,,,,Undefined,Units,Number,,3.0
2015,Number of cases,,,,,,Fatal,,,,Undefined,Units,Number,,6.0
2016,Number of cases,,,,,,Fatal,,,,Undefined,Units,Number,,6.0
2017,Number of cases,,,,,,Fatal,,,,Undefined,Units,Number,,6.0
2000,Number of cases,,,,,P. falciparum,,,,,Undefined,Units,Number,,1555.0
2001,Number of cases,,,,,P. falciparum,,,,,Undefined,Units,Number,,1572.0
2002,Number of cases,,,,,P. falciparum,,,,,Undefined,Units,Number,,1465.0
2003,Number of cases,,,,,P. falciparum,,,,,Undefined,Units,Number,,1338.0
2004,Number of cases,,,,,P. falciparum,,,,,Undefined,Units,Number,,1220.0
2005,Number of cases,,,,,P. falciparum,,,,,Undefined,Units,Number,,1337.0
2006,Number of cases,,,,,P. falciparum,,,,,Undefined,Units,Number,,1386.0
2007,Number of cases,,,,,P. falciparum,,,,,Undefined,Units,Number,,1138.0
2008,Number of cases,,,,,P. falciparum,,,,,Undefined,Units,Number,,1087.0
2009,Number of cases,,,,,P. falciparum,,,,,Undefined,Units,Number,,1179.0
2010,Number of cases,,,,,P. falciparum,,,,,Undefined,Units,Number,,1263.0
2011,Number of cases,,,,,P. falciparum,,,,,Undefined,Units,Number,,1146.0
2012,Number of cases,,,,,P. falciparum,,,,,Undefined,Units,Number,,1002.0
2013,Number of cases,,,,,P. falciparum,,,,,Undefined,Units,Number,,1192.0
2014,Number of cases,,,,,P. falciparum,,,,,Undefined,Units,Number,,1169.0
2015,Number of cases,,,,,P. falciparum,,,,,Undefined,Units,Number,,1068.0
2016,Number of cases,,,,,P. falciparum,,,,,Undefined,Units,Number,,1308.0
2017,Number of cases,,,,,P. falciparum,,,,,Undefined,Units,Number,,1452.0
2000,Number of cases,,,,,P. vivax,,,,,Undefined,Units,Number,,322.0
2001,Number of cases,,,,,P. vivax,,,,,Undefined,Units,Number,,261.0
2002,Number of cases,,,,,P. vivax,,,,,Undefined,Units,Number,,284.0
2003,Number of cases,,,,,P. vivax,,,,,Undefined,Units,Number,,205.0
2004,Number of cases,,,,,P. vivax,,,,,Undefined,Units,Number,,276.0
2005,Number of cases,,,,,P. vivax,,,,,Undefined,Units,Number,,258.0
2006,Number of cases,,,,,P. vivax,,,,,Undefined,Units,Number,,217.0
2007,Number of cases,,,,,P. vivax,,,,,Undefined,Units,Number,,256.0
2008,Number of cases,,,,,P. vivax,,,,,Undefined,Units,Number,,177.0
2009,Number of cases,,,,,P. vivax,,,,,Undefined,Units,Number,,205.0
2010,Number of cases,,,,,P. vivax,,,,,Undefined,Units,Number,,348.0
2011,Number of cases,,,,,P. vivax,,,,,Undefined,Units,Number,,415.0
2012,Number of cases,,,,,P. vivax,,,,,Undefined,Units,Number,,270.0
2013,Number of cases,,,,,P. vivax,,,,,Undefined,Units,Number,,179.0
2014,Number of cases,,,,,P. vivax,,,,,Undefined,Units,Number,,225.0
2015,Number of cases,,,,,P. vivax,,,,,Undefined,Units,Number,,207.0
2016,Number of cases,,,,,P. vivax,,,,,Undefined,Units,Number,,166.0
2017,Number of cases,,,,,P. vivax,,,,,Undefined,Units,Number,,164.0
2000,Number of cases,,,,,P. ovale,,,,,Undefined,Units,Number,,123.0
2001,Number of cases,,,,,P. ovale,,,,,Undefined,Units,Number,,157.0
2002,Number of cases,,,,,P. ovale,,,,,Undefined,Units,Number,,133.0
2003,Number of cases,,,,,P. ovale,,,,,Undefined,Units,Number,,134.0
2004,Number of cases,,,,,P. ovale,,,,,Undefined,Units,Number,,120.0
2005,Number of cases,,,,,P. ovale,,,,,Undefined,Units,Number,,116.0
2006,Number of cases,,,,,P. ovale,,,,,Undefined,Units,Number,,106.0
2007,Number of cases,,,,,P. ovale,,,,,Undefined,Units,Number,,108.0
2008,Number of cases,,,,,P. ovale,,,,,Undefined,Units,Number,,76.0
2009,Number of cases,,,,,P. ovale,,,,,Undefined,Units,Number,,69.0
2010,Number of cases,,,,,P. ovale,,,,,Undefined,Units,Number,,99.0
2011,Number of cases,,,,,P. ovale,,,,,Undefined,Units,Number,,77.0
2012,Number of cases,,,,,P. ovale,,,,,Undefined,Units,Number,,66.0
2013,Number of cases,,,,,P. ovale,,,,,Undefined,Units,Number,,78.0
2014,Number of cases,,,,,P. ovale,,,,,Undefined,Units,Number,,130.0
2015,Number of cases,,,,,P. ovale,,,,,Undefined,Units,Number,,95.0
2016,Number of cases,,,,,P. ovale,,,,,Undefined,Units,Number,,88.0
2017,Number of cases,,,,,P. ovale,,,,,Undefined,Units,Number,,108.0
2000,Number of cases,,,,,P. malariae,,,,,Undefined,Units,Number,,30.0
2001,Number of cases,,,,,P. malariae,,,,,Undefined,Units,Number,,37.0
2002,Number of cases,,,,,P. malariae,,,,,Undefined,Units,Number,,43.0
2003,Number of cases,,,,,P. malariae,,,,,Undefined,Units,Number,,27.0
2004,Number of cases,,,,,P. malariae,,,,,Undefined,Units,Number,,28.0
2005,Number of cases,,,,,P. malariae,,,,,Undefined,Units,Number,,29.0
2006,Number of cases,,,,,P. malariae,,,,,Undefined,Units,Number,,24.0
2007,Number of cases,,,,,P. malariae,,,,,Undefined,Units,Number,,30.0
2008,Number of cases,,,,,P. malariae,,,,,Undefined,Units,Number,,20.0
2009,Number of cases,,,,,P. malariae,,,,,Undefined,Units,Number,,36.0
2010,Number of cases,,,,,P. malariae,,,,,Undefined,Units,Number,,37.0
2011,Number of cases,,,,,P. malariae,,,,,Undefined,Units,Number,,31.0
2012,Number of cases,,,,,P. malariae,,,,,Undefined,Units,Number,,32.0
2013,Number of cases,,,,,P. malariae,,,,,Undefined,Units,Number,,39.0
2014,Number of cases,,,,,P. malariae,,,,,Undefined,Units,Number,,41.0
2015,Number of cases,,,,,P. malariae,,,,,Undefined,Units,Number,,23.0
2016,Number of cases,,,,,P. malariae,,,,,Undefined,Units,Number,,41.0
2017,Number of cases,,,,,P. malariae,,,,,Undefined,Units,Number,,55.0
2000,Number of cases,,,,,P. knowlesi,,,,,Undefined,Units,Number,,0.0
2001,Number of cases,,,,,P. knowlesi,,,,,Undefined,Units,Number,,0.0
2002,Number of cases,,,,,P. knowlesi,,,,,Undefined,Units,Number,,0.0
2003,Number of cases,,,,,P. knowlesi,,,,,Undefined,Units,Number,,0.0
2004,Number of cases,,,,,P. knowlesi,,,,,Undefined,Units,Number,,0.0
2005,Number of cases,,,,,P. knowlesi,,,,,Undefined,Units,Number,,0.0
2006,Number of cases,,,,,P. knowlesi,,,,,Undefined,Units,Number,,1.0
2007,Number of cases,,,,,P. knowlesi,,,,,Undefined,Units,Number,,0.0
2008,Number of cases,,,,,P. knowlesi,,,,,Undefined,Units,Number,,0.0
2009,Number of cases,,,,,P. knowlesi,,,,,Undefined,Units,Number,,0.0
2010,Number of cases,,,,,P. knowlesi,,,,,Undefined,Units,Number,,0.0
2011,Number of cases,,,,,P. knowlesi,,,,,Undefined,Units,Number,,0.0
2012,Number of cases,,,,,P. knowlesi,,,,,Undefined,Units,Number,,0.0
2013,Number of cases,,,,,P. knowlesi,,,,,Undefined,Units,Number,,0.0
2014,Number of cases,,,,,P. knowlesi,,,,,Undefined,Units,Number,,0.0
2015,Number of cases,,,,,P. knowlesi,,,,,Undefined,Units,Number,,0.0
2016,Number of cases,,,,,P. knowlesi,,,,,Undefined,Units,Number,,1.0
2017,Number of cases,,,,,P. knowlesi,,,,,Undefined,Units,Number,,2.0
2000,Number of cases,,,,,Mixed,,,,,Undefined,Units,Number,,16.0
2001,Number of cases,,,,,Mixed,,,,,Undefined,Units,Number,,16.0
2002,Number of cases,,,,,Mixed,,,,,Undefined,Units,Number,,13.0
2003,Number of cases,,,,,Mixed,,,,,Undefined,Units,Number,,15.0
2004,Number of cases,,,,,Mixed,,,,,Undefined,Units,Number,,12.0
2005,Number of cases,,,,,Mixed,,,,,Undefined,Units,Number,,10.0
2006,Number of cases,,,,,Mixed,,,,,Undefined,Units,Number,,20.0
2007,Number of cases,,,,,Mixed,,,,,Undefined,Units,Number,,15.0
2008,Number of cases,,,,,Mixed,,,,,Undefined,Units,Number,,9.0
2009,Number of cases,,,,,Mixed,,,,,Undefined,Units,Number,,6.0
2010,Number of cases,,,,,Mixed,,,,,Undefined,Units,Number,,12.0
2011,Number of cases,,,,,Mixed,,,,,Undefined,Units,Number,,4.0
2012,Number of cases,,,,,Mixed,,,,,Undefined,Units,Number,,7.0
2013,Number of cases,,,,,Mixed,,,,,Undefined,Units,Number,,13.0
2014,Number of cases,,,,,Mixed,,,,,Undefined,Units,Number,,21.0
2015,Number of cases,,,,,Mixed,,,,,Undefined,Units,Number,,7.0
2016,Number of cases,,,,,Mixed,,,,,Undefined,Units,Number,,13.0
2017,Number of cases,,,,,Mixed,,,,,Undefined,Units,Number,,11.0
2000,Number of cases,,,,,P. unspecified,,,,,Undefined,Units,Number,,1.0
2001,Number of cases,,,,,P. unspecified,,,,,Undefined,Units,Number,,1.0
2002,Number of cases,,,,,P. unspecified,,,,,Undefined,Units,Number,,2.0
2003,Number of cases,,,,,P. unspecified,,,,,Undefined,Units,Number,,1.0
2004,Number of cases,,,,,P. unspecified,,,,,Undefined,Units,Number,,0.0
2005,Number of cases,,,,,P. unspecified,,,,,Undefined,Units,Number,,3.0
2006,Number of cases,,,,,P. unspecified,,,,,Undefined,Units,Number,,0.0
2007,Number of cases,,,,,P. unspecified,,,,,Undefined,Units,Number,,0.0
2008,Number of cases,,,,,P. unspecified,,,,,Undefined,Units,Number,,1.0
2009,Number of cases,,,,,P. unspecified,,,,,Undefined,Units,Number,,0.0
2010,Number of cases,,,,,P. unspecified,,,,,Undefined,Units,Number,,0.0
2011,Number of cases,,,,,P. unspecified,,,,,Undefined,Units,Number,,0.0
2012,Number of cases,,,,,P. unspecified,,,,,Undefined,Units,Number,,0.0
2013,Number of cases,,,,,P. unspecified,,,,,Undefined,Units,Number,,0.0
2014,Number of cases,,,,,P. unspecified,,,,,Undefined,Units,Number,,0.0
2015,Number of cases,,,,,P. unspecified,,,,,Undefined,Units,Number,,0.0
2016,Number of cases,,,,,P. unspecified,,,,,Undefined,Units,Number,,1.0
2017,Number of cases,,,,,P. unspecified,,,,,Undefined,Units,Number,,0.0
2000,Number of cases,,,,,,Non-fatal,,,,Undefined,Units,Number,,2031.0
2001,Number of cases,,,,,,Non-fatal,,,,Undefined,Units,Number,,2035.0
2002,Number of cases,,,,,,Non-fatal,,,,Undefined,Units,Number,,1931.0
2003,Number of cases,,,,,,Non-fatal,,,,Undefined,Units,Number,,1704.0
2004,Number of cases,,,,,,Non-fatal,,,,Undefined,Units,Number,,1651.0
2005,Number of cases,,,,,,Non-fatal,,,,Undefined,Units,Number,,1743.0
2006,Number of cases,,,,,,Non-fatal,,,,Undefined,Units,Number,,1746.0
2007,Number of cases,,,,,,Non-fatal,,,,Undefined,Units,Number,,1542.0
2008,Number of cases,,,,,,Non-fatal,,,,Undefined,Units,Number,,1364.0
2009,Number of cases,,,,,,Non-fatal,,,,Undefined,Units,Number,,1489.0
2010,Number of cases,,,,,,Non-fatal,,,,Undefined,Units,Number,,1752.0
2011,Number of cases,,,,,,Non-fatal,,,,Undefined,Units,Number,,1665.0
2012,Number of cases,,,,,,Non-fatal,,,,Undefined,Units,Number,,1375.0
2013,Number of cases,,,,,,Non-fatal,,,,Undefined,Units,Number,,1494.0
2014,Number of cases,,,,,,Non-fatal,,,,Undefined,Units,Number,,1583.0
2015,Number of cases,,,,,,Non-fatal,,,,Undefined,Units,Number,,1394.0
2016,Number of cases,,,,,,Non-fatal,,,,Undefined,Units,Number,,1612.0
2017,Number of cases,,,,,,Non-fatal,,,,Undefined,Units,Number,,1786.0
2014,Number of cases,,,,,,,,,,Undefined,Units,Number,,1582.0
2014,Number of cases,,4 and under,,,,,,,,Undefined,Units,Number,,37.0
2014,Number of cases,,5 to 9,,,,,,,,Undefined,Units,Number,,42.0
2014,Number of cases,,10 to 14,,,,,,,,Undefined,Units,Number,,52.0
2014,Number of cases,,15 to 19,,,,,,,,Undefined,Units,Number,,92.0
2014,Number of cases,,20 to 24,,,,,,,,Undefined,Units,Number,,132.0
2014,Number of cases,,25 to 29,,,,,,,,Undefined,Units,Number,,153.0
2014,Number of cases,,30 to 34,,,,,,,,Undefined,Units,Number,,173.0
2014,Number of cases,,35 to 39,,,,,,,,Undefined,Units,Number,,145.0
2014,Number of cases,,40 to 44,,,,,,,,Undefined,Units,Number,,167.0
2014,Number of cases,,45 to 49,,,,,,,,Undefined,Units,Number,,189.0
2014,Number of cases,,50 to 54,,,,,,,,Undefined,Units,Number,,146.0
2014,Number of cases,,55 to 59,,,,,,,,Undefined,Units,Number,,108.0
2014,Number of cases,,60 to 64,,,,,,,,Undefined,Units,Number,,62.0
2014,Number of cases,,65 to 69,,,,,,,,Undefined,Units,Number,,44.0
2014,Number of cases,,70 and over,,,,,,,,Undefined,Units,Number,,40.0
2014,Number of cases,Male,,,,,,,,,Undefined,Units,Number,,1083.0
2014,Number of cases,Male,4 and under,,,,,,,,Undefined,Units,Number,,19.0
2014,Number of cases,Male,5 to 9,,,,,,,,Undefined,Units,Number,,23.0
2014,Number of cases,Male,10 to 14,,,,,,,,Undefined,Units,Number,,30.0
2014,Number of cases,Male,15 to 19,,,,,,,,Undefined,Units,Number,,61.0
2014,Number of cases,Male,20 to 24,,,,,,,,Undefined,Units,Number,,93.0
2014,Number of cases,Male,25 to 29,,,,,,,,Undefined,Units,Number,,104.0
2014,Number of cases,Male,30 to 34,,,,,,,,Undefined,Units,Number,,126.0
2014,Number of cases,Male,35 to 39,,,,,,,,Undefined,Units,Number,,114.0
2014,Number of cases,Male,40 to 44,,,,,,,,Undefined,Units,Number,,105.0
2014,Number of cases,Male,45 to 49,,,,,,,,Undefined,Units,Number,,135.0
2014,Number of cases,Male,50 to 54,,,,,,,,Undefined,Units,Number,,105.0
2014,Number of cases,Male,55 to 59,,,,,,,,Undefined,Units,Number,,74.0
2014,Number of cases,Male,60 to 64,,,,,,,,Undefined,Units,Number,,42.0
2014,Number of cases,Male,65 to 69,,,,,,,,Undefined,Units,Number,,27.0
2014,Number of cases,Male,70 and over,,,,,,,,Undefined,Units,Number,,25.0
2014,Number of cases,Female,,,,,,,,,Undefined,Units,Number,,499.0
2014,Number of cases,Female,4 and under,,,,,,,,Undefined,Units,Number,,18.0
2014,Number of cases,Female,5 to 9,,,,,,,,Undefined,Units,Number,,19.0
2014,Number of cases,Female,10 to 14,,,,,,,,Undefined,Units,Number,,22.0
2014,Number of cases,Female,15 to 19,,,,,,,,Undefined,Units,Number,,31.0
2014,Number of cases,Female,20 to 24,,,,,,,,Undefined,Units,Number,,39.0
2014,Number of cases,Female,25 to 29,,,,,,,,Undefined,Units,Number,,49.0
2014,Number of cases,Female,30 to 34,,,,,,,,Undefined,Units,Number,,47.0
2014,Number of cases,Female,35 to 39,,,,,,,,Undefined,Units,Number,,31.0
2014,Number of cases,Female,40 to 44,,,,,,,,Undefined,Units,Number,,62.0
2014,Number of cases,Female,45 to 49,,,,,,,,Undefined,Units,Number,,54.0
2014,Number of cases,Female,50 to 54,,,,,,,,Undefined,Units,Number,,41.0
2014,Number of cases,Female,55 to 59,,,,,,,,Undefined,Units,Number,,34.0
2014,Number of cases,Female,60 to 64,,,,,,,,Undefined,Units,Number,,20.0
2014,Number of cases,Female,65 to 69,,,,,,,,Undefined,Units,Number,,17.0
2014,Number of cases,Female,70 and over,,,,,,,,Undefined,Units,Number,,15.0
2015,Number of cases,,,,,,,,,,Undefined,Units,Number,,1391.0
2015,Number of cases,,4 and under,,,,,,,,Undefined,Units,Number,,21.0
2015,Number of cases,,5 to 9,,,,,,,,Undefined,Units,Number,,32.0
2015,Number of cases,,10 to 14,,,,,,,,Undefined,Units,Number,,60.0
2015,Number of cases,,15 to 19,,,,,,,,Undefined,Units,Number,,89.0
2015,Number of cases,,20 to 24,,,,,,,,Undefined,Units,Number,,112.0
2015,Number of cases,,25 to 29,,,,,,,,Undefined,Units,Number,,107.0
2015,Number of cases,,30 to 34,,,,,,,,Undefined,Units,Number,,136.0
2015,Number of cases,,35 to 39,,,,,,,,Undefined,Units,Number,,139.0
2015,Number of cases,,40 to 44,,,,,,,,Undefined,Units,Number,,160.0
2015,Number of cases,,45 to 49,,,,,,,,Undefined,Units,Number,,163.0
2015,Number of cases,,50 to 54,,,,,,,,Undefined,Units,Number,,142.0
2015,Number of cases,,55 to 59,,,,,,,,Undefined,Units,Number,,96.0
2015,Number of cases,,60 to 64,,,,,,,,Undefined,Units,Number,,55.0
2015,Number of cases,,65 to 69,,,,,,,,Undefined,Units,Number,,45.0
2015,Number of cases,,70 and over,,,,,,,,Undefined,Units,Number,,34.0
2015,Number of cases,Male,,,,,,,,,Undefined,Units,Number,,954.0
2015,Number of cases,Male,4 and under,,,,,,,,Undefined,Units,Number,,14.0
2015,Number of cases,Male,5 to 9,,,,,,,,Undefined,Units,Number,,20.0
2015,Number of cases,Male,10 to 14,,,,,,,,Undefined,Units,Number,,33.0
2015,Number of cases,Male,15 to 19,,,,,,,,Undefined,Units,Number,,65.0
2015,Number of cases,Male,20 to 24,,,,,,,,Undefined,Units,Number,,82.0
2015,Number of cases,Male,25 to 29,,,,,,,,Undefined,Units,Number,,67.0
2015,Number of cases,Male,30 to 34,,,,,,,,Undefined,Units,Number,,102.0
2015,Number of cases,Male,35 to 39,,,,,,,,Undefined,Units,Number,,98.0
2015,Number of cases,Male,40 to 44,,,,,,,,Undefined,Units,Number,,119.0
2015,Number of cases,Male,45 to 49,,,,,,,,Undefined,Units,Number,,116.0
2015,Number of cases,Male,50 to 54,,,,,,,,Undefined,Units,Number,,92.0
2015,Number of cases,Male,55 to 59,,,,,,,,Undefined,Units,Number,,58.0
2015,Number of cases,Male,60 to 64,,,,,,,,Undefined,Units,Number,,40.0
2015,Number of cases,Male,65 to 69,,,,,,,,Undefined,Units,Number,,28.0
2015,Number of cases,Male,70 and over,,,,,,,,Undefined,Units,Number,,20.0
2015,Number of cases,Female,,,,,,,,,Undefined,Units,Number,,437.0
2015,Number of cases,Female,4 and under,,,,,,,,Undefined,Units,Number,,7.0
2015,Number of cases,Female,5 to 9,,,,,,,,Undefined,Units,Number,,12.0
2015,Number of cases,Female,10 to 14,,,,,,,,Undefined,Units,Number,,27.0
2015,Number of cases,Female,15 to 19,,,,,,,,Undefined,Units,Number,,24.0
2015,Number of cases,Female,20 to 24,,,,,,,,Undefined,Units,Number,,30.0
2015,Number of cases,Female,25 to 29,,,,,,,,Undefined,Units,Number,,40.0
2015,Number of cases,Female,30 to 34,,,,,,,,Undefined,Units,Number,,34.0
2015,Number of cases,Female,35 to 39,,,,,,,,Undefined,Units,Number,,41.0
2015,Number of cases,Female,40 to 44,,,,,,,,Undefined,Units,Number,,41.0
2015,Number of cases,Female,45 to 49,,,,,,,,Undefined,Units,Number,,47.0
2015,Number of cases,Female,50 to 54,,,,,,,,Undefined,Units,Number,,50.0
2015,Number of cases,Female,55 to 59,,,,,,,,Undefined,Units,Number,,38.0
2015,Number of cases,Female,60 to 64,,,,,,,,Undefined,Units,Number,,15.0
2015,Number of cases,Female,65 to 69,,,,,,,,Undefined,Units,Number,,17.0
2015,Number of cases,Female,70 and over,,,,,,,,Undefined,Units,Number,,14.0
2016,Number of cases,,,,,,,,,,Undefined,Units,Number,,1613.0
2016,Number of cases,,4 and under,,,,,,,,Undefined,Units,Number,,25.0
2016,Number of cases,,5 to 9,,,,,,,,Undefined,Units,Number,,23.0
2016,Number of cases,,10 to 14,,,,,,,,Undefined,Units,Number,,54.0
2016,Number of cases,,15 to 19,,,,,,,,Undefined,Units,Number,,87.0
2016,Number of cases,,20 to 24,,,,,,,,Undefined,Units,Number,,123.0
2016,Number of cases,,25 to 29,,,,,,,,Undefined,Units,Number,,152.0
2016,Number of cases,,30 to 34,,,,,,,,Undefined,Units,Number,,154.0
2016,Number of cases,,35 to 39,,,,,,,,Undefined,Units,Number,,179.0
2016,Number of cases,,40 to 44,,,,,,,,Undefined,Units,Number,,186.0
2016,Number of cases,,45 to 49,,,,,,,,Undefined,Units,Number,,191.0
2016,Number of cases,,50 to 54,,,,,,,,Undefined,Units,Number,,168.0
2016,Number of cases,,55 to 59,,,,,,,,Undefined,Units,Number,,116.0
2016,Number of cases,,60 to 64,,,,,,,,Undefined,Units,Number,,67.0
2016,Number of cases,,65 to 69,,,,,,,,Undefined,Units,Number,,31.0
2016,Number of cases,,70 and over,,,,,,,,Undefined,Units,Number,,57.0
2016,Number of cases,Male,,,,,,,,,Undefined,Units,Number,,1044.0
2016,Number of cases,Male,4 and under,,,,,,,,Undefined,Units,Number,,20.0
2016,Number of cases,Male,5 to 9,,,,,,,,Undefined,Units,Number,,10.0
2016,Number of cases,Male,10 to 14,,,,,,,,Undefined,Units,Number,,29.0
2016,Number of cases,Male,15 to 19,,,,,,,,Undefined,Units,Number,,55.0
2016,Number of cases,Male,20 to 24,,,,,,,,Undefined,Units,Number,,77.0
2016,Number of cases,Male,25 to 29,,,,,,,,Undefined,Units,Number,,87.0
2016,Number of cases,Male,30 to 34,,,,,,,,Undefined,Units,Number,,102.0
2016,Number of cases,Male,35 to 39,,,,,,,,Undefined,Units,Number,,126.0
2016,Number of cases,Male,40 to 44,,,,,,,,Undefined,Units,Number,,122.0
2016,Number of cases,Male,45 to 49,,,,,,,,Undefined,Units,Number,,135.0
2016,Number of cases,Male,50 to 54,,,,,,,,Undefined,Units,Number,,118.0
2016,Number of cases,Male,55 to 59,,,,,,,,Undefined,Units,Number,,80.0
2016,Number of cases,Male,60 to 64,,,,,,,,Undefined,Units,Number,,37.0
2016,Number of cases,Male,65 to 69,,,,,,,,Undefined,Units,Number,,17.0
2016,Number of cases,Male,70 and over,,,,,,,,Undefined,Units,Number,,29.0
2016,Number of cases,Female,,,,,,,,,Undefined,Units,Number,,569.0
2016,Number of cases,Female,4 and under,,,,,,,,Undefined,Units,Number,,5.0
2016,Number of cases,Female,5 to 9,,,,,,,,Undefined,Units,Number,,13.0
2016,Number of cases,Female,10 to 14,,,,,,,,Undefined,Units,Number,,25.0
2016,Number of cases,Female,15 to 19,,,,,,,,Undefined,Units,Number,,32.0
2016,Number of cases,Female,20 to 24,,,,,,,,Undefined,Units,Number,,46.0
2016,Number of cases,Female,25 to 29,,,,,,,,Undefined,Units,Number,,65.0
2016,Number of cases,Female,30 to 34,,,,,,,,Undefined,Units,Number,,52.0
2016,Number of cases,Female,35 to 39,,,,,,,,Undefined,Units,Number,,53.0
2016,Number of cases,Female,40 to 44,,,,,,,,Undefined,Units,Number,,64.0
2016,Number of cases,Female,45 to 49,,,,,,,,Undefined,Units,Number,,56.0
2016,Number of cases,Female,50 to 54,,,,,,,,Undefined,Units,Number,,50.0
2016,Number of cases,Female,55 to 59,,,,,,,,Undefined,Units,Number,,36.0
2016,Number of cases,Female,60 to 64,,,,,,,,Undefined,Units,Number,,30.0
2016,Number of cases,Female,65 to 69,,,,,,,,Undefined,Units,Number,,14.0
2016,Number of cases,Female,70 and over,,,,,,,,Undefined,Units,Number,,28.0
2017,Number of cases,,,,,,,,,,Undefined,Units,Number,,1778.0
2017,Number of cases,,4 and under,,,,,,,,Undefined,Units,Number,,39.0
2017,Number of cases,,5 to 9,,,,,,,,Undefined,Units,Number,,53.0
2017,Number of cases,,10 to 14,,,,,,,,Undefined,Units,Number,,61.0
2017,Number of cases,,15 to 19,,,,,,,,Undefined,Units,Number,,75.0
2017,Number of cases,,20 to 24,,,,,,,,Undefined,Units,Number,,117.0
2017,Number of cases,,25 to 29,,,,,,,,Undefined,Units,Number,,149.0
2017,Number of cases,,30 to 34,,,,,,,,Undefined,Units,Number,,169.0
2017,Number of cases,,35 to 39,,,,,,,,Undefined,Units,Number,,162.0
2017,Number of cases,,40 to 44,,,,,,,,Undefined,Units,Number,,196.0
2017,Number of cases,,45 to 49,,,,,,,,Undefined,Units,Number,,205.0
2017,Number of cases,,50 to 54,,,,,,,,Undefined,Units,Number,,199.0
2017,Number of cases,,55 to 59,,,,,,,,Undefined,Units,Number,,156.0
2017,Number of cases,,60 to 64,,,,,,,,Undefined,Units,Number,,92.0
2017,Number of cases,,65 to 69,,,,,,,,Undefined,Units,Number,,48.0
2017,Number of cases,,70 and over,,,,,,,,Undefined,Units,Number,,57.0
2017,Number of cases,Male,,,,,,,,,Undefined,Units,Number,,1188.0
2017,Number of cases,Male,4 and under,,,,,,,,Undefined,Units,Number,,20.0
2017,Number of cases,Male,5 to 9,,,,,,,,Undefined,Units,Number,,28.0
2017,Number of cases,Male,10 to 14,,,,,,,,Undefined,Units,Number,,41.0
2017,Number of cases,Male,15 to 19,,,,,,,,Undefined,Units,Number,,52.0
2017,Number of cases,Male,20 to 24,,,,,,,,Undefined,Units,Number,,73.0
2017,Number of cases,Male,25 to 29,,,,,,,,Undefined,Units,Number,,100.0
2017,Number of cases,Male,30 to 34,,,,,,,,Undefined,Units,Number,,106.0
2017,Number of cases,Male,35 to 39,,,,,,,,Undefined,Units,Number,,121.0
2017,Number of cases,Male,40 to 44,,,,,,,,Undefined,Units,Number,,142.0
2017,Number of cases,Male,45 to 49,,,,,,,,Undefined,Units,Number,,142.0
2017,Number of cases,Male,50 to 54,,,,,,,,Undefined,Units,Number,,138.0
2017,Number of cases,Male,55 to 59,,,,,,,,Undefined,Units,Number,,103.0
2017,Number of cases,Male,60 to 64,,,,,,,,Undefined,Units,Number,,64.0
2017,Number of cases,Male,65 to 69,,,,,,,,Undefined,Units,Number,,26.0
2017,Number of cases,Male,70 and over,,,,,,,,Undefined,Units,Number,,32.0
2017,Number of cases,Female,,,,,,,,,Undefined,Units,Number,,590.0
2017,Number of cases,Female,4 and under,,,,,,,,Undefined,Units,Number,,19.0
2017,Number of cases,Female,5 to 9,,,,,,,,Undefined,Units,Number,,25.0
2017,Number of cases,Female,10 to 14,,,,,,,,Undefined,Units,Number,,20.0
2017,Number of cases,Female,15 to 19,,,,,,,,Undefined,Units,Number,,23.0
2017,Number of cases,Female,20 to 24,,,,,,,,Undefined,Units,Number,,44.0
2017,Number of cases,Female,25 to 29,,,,,,,,Undefined,Units,Number,,49.0
2017,Number of cases,Female,30 to 34,,,,,,,,Undefined,Units,Number,,63.0
2017,Number of cases,Female,35 to 39,,,,,,,,Undefined,Units,Number,,41.0
2017,Number of cases,Female,40 to 44,,,,,,,,Undefined,Units,Number,,54.0
2017,Number of cases,Female,45 to 49,,,,,,,,Undefined,Units,Number,,63.0
2017,Number of cases,Female,50 to 54,,,,,,,,Undefined,Units,Number,,61.0
2017,Number of cases,Female,55 to 59,,,,,,,,Undefined,Units,Number,,53.0
2017,Number of cases,Female,60 to 64,,,,,,,,Undefined,Units,Number,,28.0
2017,Number of cases,Female,65 to 69,,,,,,,,Undefined,Units,Number,,22.0
2017,Number of cases,Female,70 and over,,,,,,,,Undefined,Units,Number,,25.0
2014,Number of cases,,,England,London,,,,,,Undefined,Units,Number,E12000007,779.0
2014,Number of cases,,,England,South East,,,,,,Undefined,Units,Number,E12000008,133.0
2014,Number of cases,,,England,West Midlands,,,,,,Undefined,Units,Number,E12000005,115.0
2014,Number of cases,,,England,North West,,,,,,Undefined,Units,Number,E12000002,121.0
2014,Number of cases,,,England,East of England,,,,,,Undefined,Units,Number,E12000006,113.0
2014,Number of cases,,,England,Yorkshire and The Humber,,,,,,Undefined,Units,Number,E12000003,97.0
2014,Number of cases,,,England,South West,,,,,,Undefined,Units,Number,E12000009,59.0
2014,Number of cases,,,England,East Midlands,,,,,,Undefined,Units,Number,E12000004,48.0
2014,Number of cases,,,England,North East,,,,,,Undefined,Units,Number,E12000001,10.0
2014,Number of cases,,,England,,,,,,,Undefined,Units,Number,E92000001,1475.0
2014,Number of cases,,,Scotland,,,,,,,Undefined,Units,Number,S92000003,76.0
2014,Number of cases,,,Wales,,,,,,,Undefined,Units,Number,W92000004,33.0
2014,Number of cases,,,Northern Ireland,,,,,,,Undefined,Units,Number,N92000002,2.0
2015,Number of cases,,,England,London,,,,,,Undefined,Units,Number,E12000007,681.0
2015,Number of cases,,,England,South East,,,,,,Undefined,Units,Number,E12000008,120.0
2015,Number of cases,,,England,West Midlands,,,,,,Undefined,Units,Number,E12000005,122.0
2015,Number of cases,,,England,North West,,,,,,Undefined,Units,Number,E12000002,114.0
2015,Number of cases,,,England,East of England,,,,,,Undefined,Units,Number,E12000006,115.0
2015,Number of cases,,,England,Yorkshire and The Humber,,,,,,Undefined,Units,Number,E12000003,68.0
2015,Number of cases,,,England,South West,,,,,,Undefined,Units,Number,E12000009,52.0
2015,Number of cases,,,England,East Midlands,,,,,,Undefined,Units,Number,E12000004,39.0
2015,Number of cases,,,England,North East,,,,,,Undefined,Units,Number,E12000001,8.0
2015,Number of cases,,,England,,,,,,,Undefined,Units,Number,E92000001,1319.0
2015,Number of cases,,,Scotland,,,,,,,Undefined,Units,Number,S92000003,49.0
2015,Number of cases,,,Wales,,,,,,,Undefined,Units,Number,W92000004,21.0
2015,Number of cases,,,Northern Ireland,,,,,,,Undefined,Units,Number,N92000002,11.0
2016,Number of cases,,,England,London,,,,,,Undefined,Units,Number,E12000007,843.0
2016,Number of cases,,,England,South East,,,,,,Undefined,Units,Number,E12000008,141.0
2016,Number of cases,,,England,West Midlands,,,,,,Undefined,Units,Number,E12000005,118.0
2016,Number of cases,,,England,North West,,,,,,Undefined,Units,Number,E12000002,107.0
2016,Number of cases,,,England,East of England,,,,,,Undefined,Units,Number,E12000006,122.0
2016,Number of cases,,,England,Yorkshire and The Humber,,,,,,Undefined,Units,Number,E12000003,68.0
2016,Number of cases,,,England,South West,,,,,,Undefined,Units,Number,E12000009,65.0
2016,Number of cases,,,England,East Midlands,,,,,,Undefined,Units,Number,E12000004,43.0
2016,Number of cases,,,England,North East,,,,,,Undefined,Units,Number,E12000001,22.0
2016,Number of cases,,,England,,,,,,,Undefined,Units,Number,E92000001,1529.0
2016,Number of cases,,,Scotland,,,,,,,Undefined,Units,Number,S92000003,58.0
2016,Number of cases,,,Wales,,,,,,,Undefined,Units,Number,W92000004,25.0
2016,Number of cases,,,Northern Ireland,,,,,,,Undefined,Units,Number,N92000002,6.0
2017,Number of cases,,,England,London,,,,,,Undefined,Units,Number,E12000007,922.0
2017,Number of cases,,,England,South East,,,,,,Undefined,Units,Number,E12000008,155.0
2017,Number of cases,,,England,West Midlands,,,,,,Undefined,Units,Number,E12000005,161.0
2017,Number of cases,,,England,North West,,,,,,Undefined,Units,Number,E12000002,128.0
2017,Number of cases,,,England,East of England,,,,,,Undefined,Units,Number,E12000006,114.0
2017,Number of cases,,,England,Yorkshire and The Humber,,,,,,Undefined,Units,Number,E12000003,79.0
2017,Number of cases,,,England,South West,,,,,,Undefined,Units,Number,E12000009,73.0
2017,Number of cases,,,England,East Midlands,,,,,,Undefined,Units,Number,E12000004,50.0
2017,Number of cases,,,England,North East,,,,,,Undefined,Units,Number,E12000001,26.0
2017,Number of cases,,,England,,,,,,,Undefined,Units,Number,E92000001,1708.0
2017,Number of cases,,,Scotland,,,,,,,Undefined,Units,Number,S92000003,50.0
2017,Number of cases,,,Wales,,,,,,,Undefined,Units,Number,W92000004,24.0
2017,Number of cases,,,Northern Ireland,,,,,,,Undefined,Units,Number,N92000002,10.0
