Year,Units,Educational measure,Education indicator,Value
2003,Gender Parity Index (GPI),Proportion of students,Proportion of students at the end of or during lower secondary achieving at least a minimum proficiency level in reading,1.10016
2006,Gender Parity Index (GPI),Proportion of students,Proportion of students at the end of or during lower secondary achieving at least a minimum proficiency level in reading,1.11675
2009,Gender Parity Index (GPI),Proportion of students,Proportion of students at the end of or during lower secondary achieving at least a minimum proficiency level in reading,1.1059299999999999
2012,Gender Parity Index (GPI),Proportion of students,Proportion of students at the end of or during lower secondary achieving at least a minimum proficiency level in reading,1.07285
2015,Gender Parity Index (GPI),Proportion of students,Proportion of students at the end of or during lower secondary achieving at least a minimum proficiency level in reading,1.07634
2018,Gender Parity Index (GPI),Proportion of students,Proportion of students at the end of or during lower secondary achieving at least a minimum proficiency level in reading,1.08002
2003,Location Parity Index (LPI),Proportion of students,Proportion of students at the end of lower secondary education achieving at least a minimum proficiency level in reading,1.02227
2006,Location Parity Index (LPI),Proportion of students,Proportion of students at the end of lower secondary education achieving at least a minimum proficiency level in reading,1.0937700000000001
2009,Location Parity Index (LPI),Proportion of students,Proportion of students at the end of lower secondary education achieving at least a minimum proficiency level in reading,1.00601
2012,Location Parity Index (LPI),Proportion of students,Proportion of students at the end of lower secondary education achieving at least a minimum proficiency level in reading,0.9998799999999999
2015,Location Parity Index (LPI),Proportion of students,Proportion of students at the end of lower secondary education achieving at least a minimum proficiency level in reading,1.11341
2018,Location Parity Index (LPI),Proportion of students,Proportion of students at the end of lower secondary education achieving at least a minimum proficiency level in reading,1.04351
2003,Social Economic Status (SES) Parity Index,Proportion of students,Proportion of students at the end of lower secondary education achieving at least a minimum proficiency level in reading,0.7388
2006,Social Economic Status (SES) Parity Index,Proportion of students,Proportion of students at the end of lower secondary education achieving at least a minimum proficiency level in reading,0.77255
2009,Social Economic Status (SES) Parity Index,Proportion of students,Proportion of students at the end of lower secondary education achieving at least a minimum proficiency level in reading,0.76258
2012,Social Economic Status (SES) Parity Index,Proportion of students,Proportion of students at the end of lower secondary education achieving at least a minimum proficiency level in reading,0.79525
2015,Social Economic Status (SES) Parity Index,Proportion of students,Proportion of students at the end of lower secondary education achieving at least a minimum proficiency level in reading,0.80883
2018,Social Economic Status (SES) Parity Index,Proportion of students,Proportion of students at the end of lower secondary education achieving at least a minimum proficiency level in reading,0.81057
2003,Immigration Parity Index,Proportion of students,Proportion of students at the end of or during lower secondary education achieving at least a minimum proficiency level in reading,0.94521
2006,Immigration Parity Index,Proportion of students,Proportion of students at the end of or during lower secondary education achieving at least a minimum proficiency level in reading,0.9281200000000001
2009,Immigration Parity Index,Proportion of students,Proportion of students at the end of or during lower secondary education achieving at least a minimum proficiency level in reading,0.9150799999999999
2012,Immigration Parity Index,Proportion of students,Proportion of students at the end of or during lower secondary education achieving at least a minimum proficiency level in reading,0.9409700000000001
2015,Immigration Parity Index,Proportion of students,Proportion of students at the end of or during lower secondary education achieving at least a minimum proficiency level in reading,1.04792
2018,Immigration Parity Index,Proportion of students,Proportion of students at the end of or during lower secondary education achieving at least a minimum proficiency level in reading,0.93279
2003,Language Parity Index,Proportion of students,Proportion of students at the end of or during lower secondary education achieving at least a minimum proficiency level in reading,0.8291299999999999
2006,Language Parity Index,Proportion of students,Proportion of students at the end of or during lower secondary education achieving at least a minimum proficiency level in reading,0.82068
2009,Language Parity Index,Proportion of students,Proportion of students at the end of or during lower secondary education achieving at least a minimum proficiency level in reading,0.82634
2012,Language Parity Index,Proportion of students,Proportion of students at the end of or during lower secondary education achieving at least a minimum proficiency level in reading,0.9782299999999999
2015,Language Parity Index,Proportion of students,Proportion of students at the end of or during lower secondary education achieving at least a minimum proficiency level in reading,0.91354
2018,Language Parity Index,Proportion of students,Proportion of students at the end of or during lower secondary education achieving at least a minimum proficiency level in reading,0.8691
2003,Gender Parity Index (GPI),Proportion of students,Proportion of students at the end of or during lower secondary achieving at least a minimum proficiency level in mathematics,0.9920100000000001
2006,Gender Parity Index (GPI),Proportion of students,Proportion of students at the end of or during lower secondary achieving at least a minimum proficiency level in mathematics,0.96393
2009,Gender Parity Index (GPI),Proportion of students,Proportion of students at the end of or during lower secondary achieving at least a minimum proficiency level in mathematics,0.93674
2012,Gender Parity Index (GPI),Proportion of students,Proportion of students at the end of or during lower secondary achieving at least a minimum proficiency level in mathematics,0.9485299999999999
2015,Gender Parity Index (GPI),Proportion of students,Proportion of students at the end of or during lower secondary achieving at least a minimum proficiency level in mathematics,0.9670700000000001
2018,Gender Parity Index (GPI),Proportion of students,Proportion of students at the end of or during lower secondary achieving at least a minimum proficiency level in mathematics,0.9741299999999999
2003,Location Parity Index (LPI),Proportion of students,Proportion of students at the end of or during lower secondary achieving at least a minimum proficiency level in mathematics,1.0324200000000001
2006,Location Parity Index (LPI),Proportion of students,Proportion of students at the end of or during lower secondary achieving at least a minimum proficiency level in mathematics,1.10673
2009,Location Parity Index (LPI),Proportion of students,Proportion of students at the end of or during lower secondary achieving at least a minimum proficiency level in mathematics,1.02993
2012,Location Parity Index (LPI),Proportion of students,Proportion of students at the end of or during lower secondary achieving at least a minimum proficiency level in mathematics,0.9995200000000001
2015,Location Parity Index (LPI),Proportion of students,Proportion of students at the end of or during lower secondary achieving at least a minimum proficiency level in mathematics,1.18436
2018,Location Parity Index (LPI),Proportion of students,Proportion of students at the end of or during lower secondary achieving at least a minimum proficiency level in mathematics,1.0731
2003,Social Economic Status (SES) Parity Index,Proportion of students,Proportion of students at the end of or during lower secondary achieving at least a minimum proficiency level in mathematics,0.6823
2006,Social Economic Status (SES) Parity Index,Proportion of students,Proportion of students at the end of or during lower secondary achieving at least a minimum proficiency level in mathematics,0.74931
2009,Social Economic Status (SES) Parity Index,Proportion of students,Proportion of students at the end of or during lower secondary achieving at least a minimum proficiency level in mathematics,0.70875
2012,Social Economic Status (SES) Parity Index,Proportion of students,Proportion of students at the end of or during lower secondary achieving at least a minimum proficiency level in mathematics,0.74827
2015,Social Economic Status (SES) Parity Index,Proportion of students,Proportion of students at the end of or during lower secondary achieving at least a minimum proficiency level in mathematics,0.75151
2018,Social Economic Status (SES) Parity Index,Proportion of students,Proportion of students at the end of or during lower secondary achieving at least a minimum proficiency level in mathematics,0.75881
2003,Immigration Parity Index,Proportion of students,Proportion of students at the end of or during lower secondary education achieving at least a minimum proficiency level in mathematics,0.91679
2006,Immigration Parity Index,Proportion of students,Proportion of students at the end of or during lower secondary education achieving at least a minimum proficiency level in mathematics,0.85231
2009,Immigration Parity Index,Proportion of students,Proportion of students at the end of or during lower secondary education achieving at least a minimum proficiency level in mathematics,0.89481
2012,Immigration Parity Index,Proportion of students,Proportion of students at the end of or during lower secondary education achieving at least a minimum proficiency level in mathematics,0.9072
2015,Immigration Parity Index,Proportion of students,Proportion of students at the end of or during lower secondary education achieving at least a minimum proficiency level in mathematics,1.0722
2018,Immigration Parity Index,Proportion of students,Proportion of students at the end of or during lower secondary education achieving at least a minimum proficiency level in mathematics,0.95262
2003,Language Parity Index,Proportion of students,Proportion of students at the end of or during lower secondary education achieving at least a minimum proficiency level in mathematics,0.84431
2006,Language Parity Index,Proportion of students,Proportion of students at the end of or during lower secondary education achieving at least a minimum proficiency level in mathematics,0.78178
2009,Language Parity Index,Proportion of students,Proportion of students at the end of or during lower secondary education achieving at least a minimum proficiency level in mathematics,0.8365799999999999
2012,Language Parity Index,Proportion of students,Proportion of students at the end of or during lower secondary education achieving at least a minimum proficiency level in mathematics,0.96986
2015,Language Parity Index,Proportion of students,Proportion of students at the end of or during lower secondary education achieving at least a minimum proficiency level in mathematics,0.90694
2018,Language Parity Index,Proportion of students,Proportion of students at the end of or during lower secondary education achieving at least a minimum proficiency level in mathematics,0.90028
2015,Gender Parity Index (GPI),Gross intake ratio,Gross intake ratio to the last grade of primary education,0.99764
2016,Gender Parity Index (GPI),Gross intake ratio,Gross intake ratio to the last grade of primary education,0.99885
2017,Gender Parity Index (GPI),Gross intake ratio,Gross intake ratio to the last grade of primary education,0.99765
2017,Gender Parity Index (GPI),Gross intake ratio,Gross intake ratio to the last grade of lower secondary general education,0.99587
2000,Adjusted Gender Parity Index (GPIA),Out-of-school-rate,Out-of-school rate for children of primary school age,0.19771
2002,Adjusted Gender Parity Index (GPIA),Out-of-school-rate,Out-of-school rate for children of primary school age,0.57602
2003,Adjusted Gender Parity Index (GPIA),Out-of-school-rate,Out-of-school rate for children of primary school age,0.02508
2004,Adjusted Gender Parity Index (GPIA),Out-of-school-rate,Out-of-school rate for children of primary school age,0.79095
2005,Adjusted Gender Parity Index (GPIA),Out-of-school-rate,Out-of-school rate for children of primary school age,0.4598
2006,Adjusted Gender Parity Index (GPIA),Out-of-school-rate,Out-of-school rate for children of primary school age,0.27771999999999997
2007,Adjusted Gender Parity Index (GPIA),Out-of-school-rate,Out-of-school rate for children of primary school age,0.81116
2008,Adjusted Gender Parity Index (GPIA),Out-of-school-rate,Out-of-school rate for children of primary school age,1.0813
2009,Adjusted Gender Parity Index (GPIA),Out-of-school-rate,Out-of-school rate for children of primary school age,1.0610700000000002
2010,Adjusted Gender Parity Index (GPIA),Out-of-school-rate,Out-of-school rate for children of primary school age,1.02568
2011,Adjusted Gender Parity Index (GPIA),Out-of-school-rate,Out-of-school rate for children of primary school age,0.94401
2012,Adjusted Gender Parity Index (GPIA),Out-of-school-rate,Out-of-school rate for children of primary school age,1.02377
2013,Adjusted Gender Parity Index (GPIA),Out-of-school-rate,Out-of-school rate for children of primary school age,1.6051
2016,Adjusted Gender Parity Index (GPIA),Out-of-school-rate,Out-of-school rate for children of primary school age,1.3830799999999999
2017,Adjusted Gender Parity Index (GPIA),Out-of-school-rate,Out-of-school rate for children of primary school age,1.49091
2000,Adjusted Gender Parity Index (GPIA),Out-of-school-rate,Out-of-school rate for adolescents of lower secondary school age,0.82816
2006,Adjusted Gender Parity Index (GPIA),Out-of-school-rate,Out-of-school rate for adolescents of lower secondary school age,0.14347000000000001
2007,Adjusted Gender Parity Index (GPIA),Out-of-school-rate,Out-of-school rate for adolescents of lower secondary school age,0.65582
2008,Adjusted Gender Parity Index (GPIA),Out-of-school-rate,Out-of-school rate for adolescents of lower secondary school age,0.84309
2011,Adjusted Gender Parity Index (GPIA),Out-of-school-rate,Out-of-school rate for adolescents of lower secondary school age,0.9180200000000001
2012,Adjusted Gender Parity Index (GPIA),Out-of-school-rate,Out-of-school rate for adolescents of lower secondary school age,0.99075
2013,Adjusted Gender Parity Index (GPIA),Out-of-school-rate,Out-of-school rate for adolescents of lower secondary school age,1.00931
2014,Adjusted Gender Parity Index (GPIA),Out-of-school-rate,Out-of-school rate for adolescents of lower secondary school age,1.0336299999999998
2015,Adjusted Gender Parity Index (GPIA),Out-of-school-rate,Out-of-school rate for adolescents of lower secondary school age,1.07132
2000,Adjusted Gender Parity Index (GPIA),Out-of-school-rate,Out-of-school rate for youth of upper secondary school age,0.76539
2001,Adjusted Gender Parity Index (GPIA),Out-of-school-rate,Out-of-school rate for youth of upper secondary school age,0.78313
2002,Adjusted Gender Parity Index (GPIA),Out-of-school-rate,Out-of-school rate for youth of upper secondary school age,0.66059
2003,Adjusted Gender Parity Index (GPIA),Out-of-school-rate,Out-of-school rate for youth of upper secondary school age,0.50397
2004,Adjusted Gender Parity Index (GPIA),Out-of-school-rate,Out-of-school rate for youth of upper secondary school age,0.35042
2005,Adjusted Gender Parity Index (GPIA),Out-of-school-rate,Out-of-school rate for youth of upper secondary school age,0.30169
2006,Adjusted Gender Parity Index (GPIA),Out-of-school-rate,Out-of-school rate for youth of upper secondary school age,0.58929
2007,Adjusted Gender Parity Index (GPIA),Out-of-school-rate,Out-of-school rate for youth of upper secondary school age,0.64784
2008,Adjusted Gender Parity Index (GPIA),Out-of-school-rate,Out-of-school rate for youth of upper secondary school age,0.6755399999999999
2009,Adjusted Gender Parity Index (GPIA),Out-of-school-rate,Out-of-school rate for youth of upper secondary school age,0.68202
2010,Adjusted Gender Parity Index (GPIA),Out-of-school-rate,Out-of-school rate for youth of upper secondary school age,0.7208
2011,Adjusted Gender Parity Index (GPIA),Out-of-school-rate,Out-of-school rate for youth of upper secondary school age,0.86361
2012,Adjusted Gender Parity Index (GPIA),Out-of-school-rate,Out-of-school rate for youth of upper secondary school age,0.94284
2013,Adjusted Gender Parity Index (GPIA),Out-of-school-rate,Out-of-school rate for youth of upper secondary school age,0.82447
2016,Adjusted Gender Parity Index (GPIA),Out-of-school-rate,Out-of-school rate for youth of upper secondary school age,0.6019899999999999
2017,Adjusted Gender Parity Index (GPIA),Out-of-school-rate,Out-of-school rate for youth of upper secondary school age,0.81448
2000,Adjusted Gender Parity Index (GPIA),Out-of-school-rate,Out-of-school rate for children and adolescents of primary and lower secondary school age,0.62364
2002,Adjusted Gender Parity Index (GPIA),Out-of-school-rate,Out-of-school rate for children and adolescents of primary and lower secondary school age,0.24522
2003,Adjusted Gender Parity Index (GPIA),Out-of-school-rate,Out-of-school rate for children and adolescents of primary and lower secondary school age,0.006809999999999999
2004,Adjusted Gender Parity Index (GPIA),Out-of-school-rate,Out-of-school rate for children and adolescents of primary and lower secondary school age,0.50293
2006,Adjusted Gender Parity Index (GPIA),Out-of-school-rate,Out-of-school rate for children and adolescents of primary and lower secondary school age,0.19069
2007,Adjusted Gender Parity Index (GPIA),Out-of-school-rate,Out-of-school rate for children and adolescents of primary and lower secondary school age,0.73326
2008,Adjusted Gender Parity Index (GPIA),Out-of-school-rate,Out-of-school rate for children and adolescents of primary and lower secondary school age,0.9708600000000001
2009,Adjusted Gender Parity Index (GPIA),Out-of-school-rate,Out-of-school rate for children and adolescents of primary and lower secondary school age,1.0963100000000001
2010,Adjusted Gender Parity Index (GPIA),Out-of-school-rate,Out-of-school rate for children and adolescents of primary and lower secondary school age,1.04921
2011,Adjusted Gender Parity Index (GPIA),Out-of-school-rate,Out-of-school rate for children and adolescents of primary and lower secondary school age,0.93561
2012,Adjusted Gender Parity Index (GPIA),Out-of-school-rate,Out-of-school rate for children and adolescents of primary and lower secondary school age,1.00121
2013,Adjusted Gender Parity Index (GPIA),Out-of-school-rate,Out-of-school rate for children and adolescents of primary and lower secondary school age,1.12345
2014,Adjusted Gender Parity Index (GPIA),Out-of-school-rate,Out-of-school rate for children and adolescents of primary and lower secondary school age,1.13726
2015,Adjusted Gender Parity Index (GPIA),Out-of-school-rate,Out-of-school rate for children and adolescents of primary and lower secondary school age,1.19397
2016,Adjusted Gender Parity Index (GPIA),Out-of-school-rate,Out-of-school rate for children and adolescents of primary and lower secondary school age,1.56884
2017,Adjusted Gender Parity Index (GPIA),Out-of-school-rate,Out-of-school rate for children and adolescents of primary and lower secondary school age,1.5775700000000001
2000,Adjusted Gender Parity Index (GPIA),Out-of-school-rate,Out-of-school rate for adolescents and youth of lower and upper secondary school age,0.76935
2001,Adjusted Gender Parity Index (GPIA),Out-of-school-rate,Out-of-school rate for adolescents and youth of lower and upper secondary school age,0.75754
2002,Adjusted Gender Parity Index (GPIA),Out-of-school-rate,Out-of-school rate for adolescents and youth of lower and upper secondary school age,0.61605
2003,Adjusted Gender Parity Index (GPIA),Out-of-school-rate,Out-of-school rate for adolescents and youth of lower and upper secondary school age,0.4726
2004,Adjusted Gender Parity Index (GPIA),Out-of-school-rate,Out-of-school rate for adolescents and youth of lower and upper secondary school age,0.32329
2005,Adjusted Gender Parity Index (GPIA),Out-of-school-rate,Out-of-school rate for adolescents and youth of lower and upper secondary school age,0.27796
2006,Adjusted Gender Parity Index (GPIA),Out-of-school-rate,Out-of-school rate for adolescents and youth of lower and upper secondary school age,0.5321
2007,Adjusted Gender Parity Index (GPIA),Out-of-school-rate,Out-of-school rate for adolescents and youth of lower and upper secondary school age,0.64953
2008,Adjusted Gender Parity Index (GPIA),Out-of-school-rate,Out-of-school rate for adolescents and youth of lower and upper secondary school age,0.6936100000000001
2009,Adjusted Gender Parity Index (GPIA),Out-of-school-rate,Out-of-school rate for adolescents and youth of lower and upper secondary school age,0.6927399999999999
2010,Adjusted Gender Parity Index (GPIA),Out-of-school-rate,Out-of-school rate for adolescents and youth of lower and upper secondary school age,0.72858
2011,Adjusted Gender Parity Index (GPIA),Out-of-school-rate,Out-of-school rate for adolescents and youth of lower and upper secondary school age,0.86959
2012,Adjusted Gender Parity Index (GPIA),Out-of-school-rate,Out-of-school rate for adolescents and youth of lower and upper secondary school age,0.95768
2013,Adjusted Gender Parity Index (GPIA),Out-of-school-rate,Out-of-school rate for adolescents and youth of lower and upper secondary school age,0.87429
2014,Adjusted Gender Parity Index (GPIA),Out-of-school-rate,Out-of-school rate for adolescents and youth of lower and upper secondary school age,0.65993
2015,Adjusted Gender Parity Index (GPIA),Out-of-school-rate,Out-of-school rate for adolescents and youth of lower and upper secondary school age,0.53862
2016,Adjusted Gender Parity Index (GPIA),Out-of-school-rate,Out-of-school rate for adolescents and youth of lower and upper secondary school age,0.65146
2017,Adjusted Gender Parity Index (GPIA),Out-of-school-rate,Out-of-school rate for adolescents and youth of lower and upper secondary school age,0.8625299999999999
2000,Adjusted Gender Parity Index (GPIA),Out-of-school-rate,"Out-of-school rate for children, adolescents and youth of primary, lower secondary and upper secondary school age",0.76448
2001,Adjusted Gender Parity Index (GPIA),Out-of-school-rate,"Out-of-school rate for children, adolescents and youth of primary, lower secondary and upper secondary school age",0.74593
2002,Adjusted Gender Parity Index (GPIA),Out-of-school-rate,"Out-of-school rate for children, adolescents and youth of primary, lower secondary and upper secondary school age",0.61458
2003,Adjusted Gender Parity Index (GPIA),Out-of-school-rate,"Out-of-school rate for children, adolescents and youth of primary, lower secondary and upper secondary school age",0.46202
2004,Adjusted Gender Parity Index (GPIA),Out-of-school-rate,"Out-of-school rate for children, adolescents and youth of primary, lower secondary and upper secondary school age",0.37878
2005,Adjusted Gender Parity Index (GPIA),Out-of-school-rate,"Out-of-school rate for children, adolescents and youth of primary, lower secondary and upper secondary school age",0.27721
2006,Adjusted Gender Parity Index (GPIA),Out-of-school-rate,"Out-of-school rate for children, adolescents and youth of primary, lower secondary and upper secondary school age",0.5139100000000001
2007,Adjusted Gender Parity Index (GPIA),Out-of-school-rate,"Out-of-school rate for children, adolescents and youth of primary, lower secondary and upper secondary school age",0.6781699999999999
2008,Adjusted Gender Parity Index (GPIA),Out-of-school-rate,"Out-of-school rate for children, adolescents and youth of primary, lower secondary and upper secondary school age",0.73405
2009,Adjusted Gender Parity Index (GPIA),Out-of-school-rate,"Out-of-school rate for children, adolescents and youth of primary, lower secondary and upper secondary school age",0.76641
2010,Adjusted Gender Parity Index (GPIA),Out-of-school-rate,"Out-of-school rate for children, adolescents and youth of primary, lower secondary and upper secondary school age",0.79578
2011,Adjusted Gender Parity Index (GPIA),Out-of-school-rate,"Out-of-school rate for children, adolescents and youth of primary, lower secondary and upper secondary school age",0.8831700000000001
2012,Adjusted Gender Parity Index (GPIA),Out-of-school-rate,"Out-of-school rate for children, adolescents and youth of primary, lower secondary and upper secondary school age",0.96596
2013,Adjusted Gender Parity Index (GPIA),Out-of-school-rate,"Out-of-school rate for children, adolescents and youth of primary, lower secondary and upper secondary school age",0.9156700000000001
2014,Adjusted Gender Parity Index (GPIA),Out-of-school-rate,"Out-of-school rate for children, adolescents and youth of primary, lower secondary and upper secondary school age",0.73979
2015,Adjusted Gender Parity Index (GPIA),Out-of-school-rate,"Out-of-school rate for children, adolescents and youth of primary, lower secondary and upper secondary school age",0.62125
2016,Adjusted Gender Parity Index (GPIA),Out-of-school-rate,"Out-of-school rate for children, adolescents and youth of primary, lower secondary and upper secondary school age",0.75917
2017,Adjusted Gender Parity Index (GPIA),Out-of-school-rate,"Out-of-school rate for children, adolescents and youth of primary, lower secondary and upper secondary school age",0.9785
2013,Adjusted Gender Parity Index (GPIA),Participation rate in organised learning,"Adjusted net enrolment rate, one year before the official primary entry age",0.9663700000000001
2014,Adjusted Gender Parity Index (GPIA),Participation rate in organised learning,"Adjusted net enrolment rate, one year before the official primary entry age",0.9981700000000001
2015,Adjusted Gender Parity Index (GPIA),Participation rate in organised learning,"Adjusted net enrolment rate, one year before the official primary entry age",0.9610200000000001
2016,Adjusted Gender Parity Index (GPIA),Participation rate in organised learning,"Adjusted net enrolment rate, one year before the official primary entry age",0.9971399999999999
2017,Adjusted Gender Parity Index (GPIA),Participation rate in organised learning,"Adjusted net enrolment rate, one year before the official primary entry age",0.9986200000000001
2006,Gender Parity Index (GPI),Gross enrolment ratio,"Gross enrolment ratio, early childhood education",1.02715
2007,Gender Parity Index (GPI),Gross enrolment ratio,"Gross enrolment ratio, early childhood education",1.02892
2008,Gender Parity Index (GPI),Gross enrolment ratio,"Gross enrolment ratio, early childhood education",1.0198399999999999
2011,Gender Parity Index (GPI),Gross enrolment ratio,"Gross enrolment ratio, early childhood education",1.0041799999999999
2012,Gender Parity Index (GPI),Gross enrolment ratio,"Gross enrolment ratio, early childhood education",1.00699
2013,Gender Parity Index (GPI),Gross enrolment ratio,"Gross enrolment ratio, early childhood education",0.9632200000000001
2014,Gender Parity Index (GPI),Gross enrolment ratio,"Gross enrolment ratio, early childhood education",0.99741
2015,Gender Parity Index (GPI),Gross enrolment ratio,"Gross enrolment ratio, early childhood education",0.95999
2016,Gender Parity Index (GPI),Gross enrolment ratio,"Gross enrolment ratio, early childhood education",0.99559
2017,Gender Parity Index (GPI),Gross enrolment ratio,"Gross enrolment ratio, early childhood education",0.99666
2013,Gender Parity Index (GPI),Gross enrolment ratio,Gross early childhood enrolment ratio in early childhood educational development,1.00945
2014,Gender Parity Index (GPI),Gross enrolment ratio,Gross early childhood enrolment ratio in early childhood educational development,0.98344
2015,Gender Parity Index (GPI),Gross enrolment ratio,Gross early childhood enrolment ratio in early childhood educational development,0.9563299999999999
2016,Gender Parity Index (GPI),Gross enrolment ratio,Gross early childhood enrolment ratio in early childhood educational development,0.97785
2017,Gender Parity Index (GPI),Gross enrolment ratio,Gross early childhood enrolment ratio in early childhood educational development,0.98703
2000,Gender Parity Index (GPI),Gross enrolment ratio,Gross early childhood enrolment ratio in pre-primary education,1.00071
2001,Gender Parity Index (GPI),Gross enrolment ratio,Gross early childhood enrolment ratio in pre-primary education,0.99739
2002,Gender Parity Index (GPI),Gross enrolment ratio,Gross early childhood enrolment ratio in pre-primary education,1.00243
2003,Gender Parity Index (GPI),Gross enrolment ratio,Gross early childhood enrolment ratio in pre-primary education,1.00522
2004,Gender Parity Index (GPI),Gross enrolment ratio,Gross early childhood enrolment ratio in pre-primary education,1.00235
2005,Gender Parity Index (GPI),Gross enrolment ratio,Gross early childhood enrolment ratio in pre-primary education,1.02604
2006,Gender Parity Index (GPI),Gross enrolment ratio,Gross early childhood enrolment ratio in pre-primary education,1.02715
2007,Gender Parity Index (GPI),Gross enrolment ratio,Gross early childhood enrolment ratio in pre-primary education,1.02892
2008,Gender Parity Index (GPI),Gross enrolment ratio,Gross early childhood enrolment ratio in pre-primary education,1.0198399999999999
2009,Gender Parity Index (GPI),Gross enrolment ratio,Gross early childhood enrolment ratio in pre-primary education,1.01455
2010,Gender Parity Index (GPI),Gross enrolment ratio,Gross early childhood enrolment ratio in pre-primary education,1.03965
2011,Gender Parity Index (GPI),Gross enrolment ratio,Gross early childhood enrolment ratio in pre-primary education,1.0041799999999999
2012,Gender Parity Index (GPI),Gross enrolment ratio,Gross early childhood enrolment ratio in pre-primary education,1.00699
2013,Gender Parity Index (GPI),Gross enrolment ratio,Gross early childhood enrolment ratio in pre-primary education,0.95376
2014,Gender Parity Index (GPI),Gross enrolment ratio,Gross early childhood enrolment ratio in pre-primary education,0.9983700000000001
2015,Gender Parity Index (GPI),Gross enrolment ratio,Gross early childhood enrolment ratio in pre-primary education,0.9600700000000001
2016,Gender Parity Index (GPI),Gross enrolment ratio,Gross early childhood enrolment ratio in pre-primary education,0.99885
2017,Gender Parity Index (GPI),Gross enrolment ratio,Gross early childhood enrolment ratio in pre-primary education,0.99802
2007,Gender Parity Index (GPI),Participation rate in formal and non-formal education and training in the previous 12 months,Participation rate of youth and adults in formal and non-formal education and training in the previous 12 months,1.07992
2011,Gender Parity Index (GPI),Participation rate in formal and non-formal education and training in the previous 12 months,Participation rate of youth and adults in formal and non-formal education and training in the previous 12 months,1.1134600000000001
2016,Gender Parity Index (GPI),Participation rate in formal and non-formal education and training in the previous 12 months,Participation rate of youth and adults in formal and non-formal education and training in the previous 12 months,1.06865
2000,Gender Parity Index (GPI),Gross enrolment ratio,Gross enrolment ratio for tertiary education,1.18398
2001,Gender Parity Index (GPI),Gross enrolment ratio,Gross enrolment ratio for tertiary education,1.21694
2002,Gender Parity Index (GPI),Gross enrolment ratio,Gross enrolment ratio for tertiary education,1.26039
2003,Gender Parity Index (GPI),Gross enrolment ratio,Gross enrolment ratio for tertiary education,1.3033
2004,Gender Parity Index (GPI),Gross enrolment ratio,Gross enrolment ratio for tertiary education,1.37352
2005,Gender Parity Index (GPI),Gross enrolment ratio,Gross enrolment ratio for tertiary education,1.39014
2006,Gender Parity Index (GPI),Gross enrolment ratio,Gross enrolment ratio for tertiary education,1.4056799999999998
2007,Gender Parity Index (GPI),Gross enrolment ratio,Gross enrolment ratio for tertiary education,1.3936600000000001
2008,Gender Parity Index (GPI),Gross enrolment ratio,Gross enrolment ratio for tertiary education,1.38575
2009,Gender Parity Index (GPI),Gross enrolment ratio,Gross enrolment ratio for tertiary education,1.36537
2010,Gender Parity Index (GPI),Gross enrolment ratio,Gross enrolment ratio for tertiary education,1.33855
2011,Gender Parity Index (GPI),Gross enrolment ratio,Gross enrolment ratio for tertiary education,1.32599
2012,Gender Parity Index (GPI),Gross enrolment ratio,Gross enrolment ratio for tertiary education,1.32881
2013,Gender Parity Index (GPI),Gross enrolment ratio,Gross enrolment ratio for tertiary education,1.32115
2014,Gender Parity Index (GPI),Gross enrolment ratio,Gross enrolment ratio for tertiary education,1.31874
2015,Gender Parity Index (GPI),Gross enrolment ratio,Gross enrolment ratio for tertiary education,1.33126
2016,Gender Parity Index (GPI),Gross enrolment ratio,Gross enrolment ratio for tertiary education,1.34541
2017,Gender Parity Index (GPI),Gross enrolment ratio,Gross enrolment ratio for tertiary education,1.36112
2000,Gender Parity Index (GPI),Proportion of students,Proportion of 15-24 year-olds enrolled in vocational education,0.96924
2001,Gender Parity Index (GPI),Proportion of students,Proportion of 15-24 year-olds enrolled in vocational education,0.95695
2002,Gender Parity Index (GPI),Proportion of students,Proportion of 15-24 year-olds enrolled in vocational education,0.97421
2003,Gender Parity Index (GPI),Proportion of students,Proportion of 15-24 year-olds enrolled in vocational education,1.05761
2004,Gender Parity Index (GPI),Proportion of students,Proportion of 15-24 year-olds enrolled in vocational education,1.01268
2005,Gender Parity Index (GPI),Proportion of students,Proportion of 15-24 year-olds enrolled in vocational education,1.00931
2006,Gender Parity Index (GPI),Proportion of students,Proportion of 15-24 year-olds enrolled in vocational education,0.9971
2007,Gender Parity Index (GPI),Proportion of students,Proportion of 15-24 year-olds enrolled in vocational education,0.96191
2008,Gender Parity Index (GPI),Proportion of students,Proportion of 15-24 year-olds enrolled in vocational education,0.97403
2009,Gender Parity Index (GPI),Proportion of students,Proportion of 15-24 year-olds enrolled in vocational education,0.94981
2010,Gender Parity Index (GPI),Proportion of students,Proportion of 15-24 year-olds enrolled in vocational education,0.9245700000000001
2011,Gender Parity Index (GPI),Proportion of students,Proportion of 15-24 year-olds enrolled in vocational education,0.9320200000000001
2012,Gender Parity Index (GPI),Proportion of students,Proportion of 15-24 year-olds enrolled in vocational education,0.9245399999999999
2013,Gender Parity Index (GPI),Proportion of students,Proportion of 15-24 year-olds enrolled in vocational education,0.9076
2014,Gender Parity Index (GPI),Proportion of students,Proportion of 15-24 year-olds enrolled in vocational education,0.90255
2015,Gender Parity Index (GPI),Proportion of students,Proportion of 15-24 year-olds enrolled in vocational education,0.88103
2016,Gender Parity Index (GPI),Proportion of students,Proportion of 15-24 year-olds enrolled in vocational education,0.90912
2017,Gender Parity Index (GPI),Proportion of students,Proportion of 15-24 year-olds enrolled in vocational education,0.8848299999999999
2014,Gender Parity Index (GPI),Proportion of youth and adults,Proportion of youth and adults who have copied or moved a file or folder,0.96211
2015,Gender Parity Index (GPI),Proportion of youth and adults,Proportion of youth and adults who have copied or moved a file or folder,0.88055
2016,Gender Parity Index (GPI),Proportion of youth and adults,Proportion of youth and adults who have copied or moved a file or folder,0.8945799999999999
2014,Gender Parity Index (GPI),Proportion of youth and adults,Proportion of youth and adults who have created electronic presentations with presentation software,0.8601700000000001
2015,Gender Parity Index (GPI),Proportion of youth and adults,Proportion of youth and adults who have created electronic presentations with presentation software,0.89765
2016,Gender Parity Index (GPI),Proportion of youth and adults,Proportion of youth and adults who have created electronic presentations with presentation software,1.00425
2014,Gender Parity Index (GPI),Proportion of youth and adults,Proportion of youth and adults who have used copy and paste tools to duplicate or move information within a document,1.0
2015,Gender Parity Index (GPI),Proportion of youth and adults,Proportion of youth and adults who have used copy and paste tools to duplicate or move information within a document,0.9166700000000001
2016,Gender Parity Index (GPI),Proportion of youth and adults,Proportion of youth and adults who have used copy and paste tools to duplicate or move information within a document,0.9448799999999999
2014,Gender Parity Index (GPI),Proportion of youth and adults,Proportion of youth and adults who have used basic arithmetic formulae in a spreadsheet,0.91501
2015,Gender Parity Index (GPI),Proportion of youth and adults,Proportion of youth and adults who have used basic arithmetic formulae in a spreadsheet,0.81702
2016,Gender Parity Index (GPI),Proportion of youth and adults,Proportion of youth and adults who have used basic arithmetic formulae in a spreadsheet,0.94021
2015,Gender Parity Index (GPI),Proportion of youth and adults,"Proportion of youth and adults who have found, downloaded, installed and configured software",0.83096
2016,Gender Parity Index (GPI),Proportion of youth and adults,"Proportion of youth and adults who have found, downloaded, installed and configured software",0.90125
2014,Gender Parity Index (GPI),Proportion of youth and adults,Proportion of youth and adults who have Transferred files between a computer and other devices,0.9172799999999999
2015,Gender Parity Index (GPI),Proportion of youth and adults,Proportion of youth and adults who have Transferred files between a computer and other devices,0.8517899999999999
2016,Gender Parity Index (GPI),Proportion of youth and adults,Proportion of youth and adults who have Transferred files between a computer and other devices,0.8972100000000001
2014,Gender Parity Index (GPI),Proportion of youth and adults,Proportion of youth and adults who have wrote a computer program using a specialised programming language,0.54335
2015,Gender Parity Index (GPI),Proportion of youth and adults,Proportion of youth and adults who have wrote a computer program using a specialised programming language,0.43011000000000005
2016,Gender Parity Index (GPI),Proportion of youth and adults,Proportion of youth and adults who have wrote a computer program using a specialised programming language,0.49057
2014,Gender Parity Index (GPI),Proportion of youth and adults,Proportion of youth and adults who have connected and installed new devices,0.80243
2009,Gender Parity Index (GPI),Educational attainment rate (educational stage completed by population aged 25 years and over),"Educational attainment rate, completed primary education or higher, population 25+ years",0.9984700000000001
2010,Gender Parity Index (GPI),Educational attainment rate (educational stage completed by population aged 25 years and over),"Educational attainment rate, completed primary education or higher, population 25+ years",0.99864
2011,Gender Parity Index (GPI),Educational attainment rate (educational stage completed by population aged 25 years and over),"Educational attainment rate, completed primary education or higher, population 25+ years",0.9992200000000001
2012,Gender Parity Index (GPI),Educational attainment rate (educational stage completed by population aged 25 years and over),"Educational attainment rate, completed primary education or higher, population 25+ years",0.99895
2013,Gender Parity Index (GPI),Educational attainment rate (educational stage completed by population aged 25 years and over),"Educational attainment rate, completed primary education or higher, population 25+ years",0.99929
2014,Gender Parity Index (GPI),Educational attainment rate (educational stage completed by population aged 25 years and over),"Educational attainment rate, completed primary education or higher, population 25+ years",0.99869
2017,Gender Parity Index (GPI),Educational attainment rate (educational stage completed by population aged 25 years and over),"Educational attainment rate, completed primary education or higher, population 25+ years",1.0
2009,Gender Parity Index (GPI),Educational attainment rate (educational stage completed by population aged 25 years and over),"Educational attainment rate, completed lower secondary education or higher, population 25+ years",0.9984700000000001
2010,Gender Parity Index (GPI),Educational attainment rate (educational stage completed by population aged 25 years and over),"Educational attainment rate, completed lower secondary education or higher, population 25+ years",0.99864
2011,Gender Parity Index (GPI),Educational attainment rate (educational stage completed by population aged 25 years and over),"Educational attainment rate, completed lower secondary education or higher, population 25+ years",0.9992200000000001
2012,Gender Parity Index (GPI),Educational attainment rate (educational stage completed by population aged 25 years and over),"Educational attainment rate, completed lower secondary education or higher, population 25+ years",0.99895
2013,Gender Parity Index (GPI),Educational attainment rate (educational stage completed by population aged 25 years and over),"Educational attainment rate, completed lower secondary education or higher, population 25+ years",0.99929
2014,Gender Parity Index (GPI),Educational attainment rate (educational stage completed by population aged 25 years and over),"Educational attainment rate, completed lower secondary education or higher, population 25+ years",0.99869
2017,Gender Parity Index (GPI),Educational attainment rate (educational stage completed by population aged 25 years and over),"Educational attainment rate, completed lower secondary education or higher, population 25+ years",0.9991200000000001
2009,Gender Parity Index (GPI),Educational attainment rate (educational stage completed by population aged 25 years and over),"Educational attainment rate, completed upper secondary education or higher, population 25+ years",0.95275
2010,Gender Parity Index (GPI),Educational attainment rate (educational stage completed by population aged 25 years and over),"Educational attainment rate, completed upper secondary education or higher, population 25+ years",0.95689
2011,Gender Parity Index (GPI),Educational attainment rate (educational stage completed by population aged 25 years and over),"Educational attainment rate, completed upper secondary education or higher, population 25+ years",0.9639700000000001
2012,Gender Parity Index (GPI),Educational attainment rate (educational stage completed by population aged 25 years and over),"Educational attainment rate, completed upper secondary education or higher, population 25+ years",0.97006
2013,Gender Parity Index (GPI),Educational attainment rate (educational stage completed by population aged 25 years and over),"Educational attainment rate, completed upper secondary education or higher, population 25+ years",0.9475899999999999
2014,Gender Parity Index (GPI),Educational attainment rate (educational stage completed by population aged 25 years and over),"Educational attainment rate, completed upper secondary education or higher, population 25+ years",0.96257
2017,Gender Parity Index (GPI),Educational attainment rate (educational stage completed by population aged 25 years and over),"Educational attainment rate, completed upper secondary education or higher, population 25+ years",0.9884700000000001
2009,Gender Parity Index (GPI),Educational attainment rate (educational stage completed by population aged 25 years and over),"Educational attainment rate, completed post-secondary non-tertiary education or higher, population 25+ years",0.9927799999999999
2010,Gender Parity Index (GPI),Educational attainment rate (educational stage completed by population aged 25 years and over),"Educational attainment rate, completed post-secondary non-tertiary education or higher, population 25+ years",1.01268
2011,Gender Parity Index (GPI),Educational attainment rate (educational stage completed by population aged 25 years and over),"Educational attainment rate, completed post-secondary non-tertiary education or higher, population 25+ years",0.9292600000000001
2012,Gender Parity Index (GPI),Educational attainment rate (educational stage completed by population aged 25 years and over),"Educational attainment rate, completed post-secondary non-tertiary education or higher, population 25+ years",1.0192299999999999
2013,Gender Parity Index (GPI),Educational attainment rate (educational stage completed by population aged 25 years and over),"Educational attainment rate, completed post-secondary non-tertiary education or higher, population 25+ years",1.03715
2014,Gender Parity Index (GPI),Educational attainment rate (educational stage completed by population aged 25 years and over),"Educational attainment rate, completed post-secondary non-tertiary education or higher, population 25+ years",1.0621399999999999
2017,Gender Parity Index (GPI),Educational attainment rate (educational stage completed by population aged 25 years and over),"Educational attainment rate, completed post-secondary non-tertiary education or higher, population 25+ years",1.04902
2009,Gender Parity Index (GPI),Educational attainment rate (educational stage completed by population aged 25 years and over),"Educational attainment rate, completed short-cycle tertiary education or higher, population 25+ years",0.99006
2010,Gender Parity Index (GPI),Educational attainment rate (educational stage completed by population aged 25 years and over),"Educational attainment rate, completed short-cycle tertiary education or higher, population 25+ years",1.01104
2011,Gender Parity Index (GPI),Educational attainment rate (educational stage completed by population aged 25 years and over),"Educational attainment rate, completed short-cycle tertiary education or higher, population 25+ years",0.9292600000000001
2012,Gender Parity Index (GPI),Educational attainment rate (educational stage completed by population aged 25 years and over),"Educational attainment rate, completed short-cycle tertiary education or higher, population 25+ years",1.0192299999999999
2013,Gender Parity Index (GPI),Educational attainment rate (educational stage completed by population aged 25 years and over),"Educational attainment rate, completed short-cycle tertiary education or higher, population 25+ years",1.03715
2014,Gender Parity Index (GPI),Educational attainment rate (educational stage completed by population aged 25 years and over),"Educational attainment rate, completed short-cycle tertiary education or higher, population 25+ years",1.0621399999999999
2017,Gender Parity Index (GPI),Educational attainment rate (educational stage completed by population aged 25 years and over),"Educational attainment rate, completed short-cycle tertiary education or higher, population 25+ years",1.04902
2013,Gender Parity Index (GPI),Educational attainment rate (educational stage completed by population aged 25 years and over),"Educational attainment rate, completed Bachelor's or equivalent education or higher, population 25+ years",1.01567
2014,Gender Parity Index (GPI),Educational attainment rate (educational stage completed by population aged 25 years and over),"Educational attainment rate, completed Bachelor's or equivalent education or higher, population 25+ years",1.03441
2017,Gender Parity Index (GPI),Educational attainment rate (educational stage completed by population aged 25 years and over),"Educational attainment rate, completed Bachelor's or equivalent education or higher, population 25+ years",1.0481200000000002
2013,Gender Parity Index (GPI),Educational attainment rate (educational stage completed by population aged 25 years and over),"Educational attainment rate, completed Master's or equivalent education or higher, population 25+ years",0.9746
2014,Gender Parity Index (GPI),Educational attainment rate (educational stage completed by population aged 25 years and over),"Educational attainment rate, completed Master's or equivalent education or higher, population 25+ years",1.02839
2017,Gender Parity Index (GPI),Educational attainment rate (educational stage completed by population aged 25 years and over),"Educational attainment rate, completed Master's or equivalent education or higher, population 25+ years",1.0038200000000002
2013,Gender Parity Index (GPI),Educational attainment rate (educational stage completed by population aged 25 years and over),"Educational attainment rate, completed Doctoral or equivalent education, population 25+ years",0.5162399999999999
2014,Gender Parity Index (GPI),Educational attainment rate (educational stage completed by population aged 25 years and over),"Educational attainment rate, completed Doctoral or equivalent education, population 25+ years",0.5727300000000001
2017,Gender Parity Index (GPI),Educational attainment rate (educational stage completed by population aged 25 years and over),"Educational attainment rate, completed Doctoral or equivalent education, population 25+ years",0.69406
