Year,Age,Disability status,Region,Observation status,Unit multiplier,Unit measure,GeoCode,Value
2012,,,,Undefined,Units,Percentage (%),,35.7
2013,,,,Undefined,Units,Percentage (%),,35.5
2014,,,,Undefined,Units,Percentage (%),,36.6
2015,,,,Undefined,Units,Percentage (%),,37.3
2016,,,,Undefined,Units,Percentage (%),,37.3
2017,,,,Undefined,Units,Percentage (%),,37.9
2014,,Limiting long-term illness/disability,,Undefined,Units,Percentage (%),,42.3
2015,,Limiting long-term illness/disability,,Undefined,Units,Percentage (%),,46.3
2016,,Limiting long-term illness/disability,,Undefined,Units,Percentage (%),,44.2
2017,,Limiting long-term illness/disability,,Undefined,Units,Percentage (%),,46.6
2014,,No limiting long-term illness/disability,,Undefined,Units,Percentage (%),,36.2
2015,,No limiting long-term illness/disability,,Undefined,Units,Percentage (%),,36.8
2016,,No limiting long-term illness/disability,,Undefined,Units,Percentage (%),,36.9
2017,,No limiting long-term illness/disability,,Undefined,Units,Percentage (%),,37.1
2012,16 to 24,,,Undefined,Units,Percentage (%),,51.5
2013,16 to 24,,,Undefined,Units,Percentage (%),,45.7
2014,16 to 24,,,Undefined,Units,Percentage (%),,50.9
2015,16 to 24,,,Undefined,Units,Percentage (%),,46.9
2016,16 to 24,,,Undefined,Units,Percentage (%),,47.3
2017,16 to 24,,,Undefined,Units,Percentage (%),,48.3
2012,25 to 34,,,Undefined,Units,Percentage (%),,38.6
2013,25 to 34,,,Undefined,Units,Percentage (%),,38.7
2014,25 to 34,,,Undefined,Units,Percentage (%),,38.0
2015,25 to 34,,,Undefined,Units,Percentage (%),,40.7
2016,25 to 34,,,Undefined,Units,Percentage (%),,40.2
2017,25 to 34,,,Undefined,Units,Percentage (%),,41.0
2012,35 to 44,,,Undefined,Units,Percentage (%),,35.1
2013,35 to 44,,,Undefined,Units,Percentage (%),,34.4
2014,35 to 44,,,Undefined,Units,Percentage (%),,35.4
2015,35 to 44,,,Undefined,Units,Percentage (%),,36.0
2016,35 to 44,,,Undefined,Units,Percentage (%),,35.4
2017,35 to 44,,,Undefined,Units,Percentage (%),,35.9
2012,45 to 54,,,Undefined,Units,Percentage (%),,35.6
2013,45 to 54,,,Undefined,Units,Percentage (%),,35.0
2014,45 to 54,,,Undefined,Units,Percentage (%),,36.5
2015,45 to 54,,,Undefined,Units,Percentage (%),,36.9
2016,45 to 54,,,Undefined,Units,Percentage (%),,38.5
2017,45 to 54,,,Undefined,Units,Percentage (%),,38.4
2012,55 to 64,,,Undefined,Units,Percentage (%),,31.4
2013,55 to 64,,,Undefined,Units,Percentage (%),,33.4
2014,55 to 64,,,Undefined,Units,Percentage (%),,35.3
2015,55 to 64,,,Undefined,Units,Percentage (%),,36.5
2016,55 to 64,,,Undefined,Units,Percentage (%),,34.9
2017,55 to 64,,,Undefined,Units,Percentage (%),,35.8
2012,65 and over,,,Undefined,Units,Percentage (%),,32.5
2013,65 and over,,,Undefined,Units,Percentage (%),,32.2
2014,65 and over,,,Undefined,Units,Percentage (%),,31.8
2015,65 and over,,,Undefined,Units,Percentage (%),,29.1
2016,65 and over,,,Undefined,Units,Percentage (%),,31.1
2017,65 and over,,,Undefined,Units,Percentage (%),,32.4
2012,,,North East,Undefined,Units,Percentage (%),E12000001,36.7
2013,,,North East,Undefined,Units,Percentage (%),E12000001,36.6
2014,,,North East,Undefined,Units,Percentage (%),E12000001,38.4
2015,,,North East,Undefined,Units,Percentage (%),E12000001,42.9
2016,,,North East,Undefined,Units,Percentage (%),E12000001,38.3
2017,,,North East,Undefined,Units,Percentage (%),E12000001,39.9
2012,,,North West,Undefined,Units,Percentage (%),E12000002,35.0
2013,,,North West,Undefined,Units,Percentage (%),E12000002,35.5
2014,,,North West,Undefined,Units,Percentage (%),E12000002,36.7
2015,,,North West,Undefined,Units,Percentage (%),E12000002,38.8
2016,,,North West,Undefined,Units,Percentage (%),E12000002,39.5
2017,,,North West,Undefined,Units,Percentage (%),E12000002,38.5
2012,,,Yorkshire and The Humber,Undefined,Units,Percentage (%),E12000003,36.1
2013,,,Yorkshire and The Humber,Undefined,Units,Percentage (%),E12000003,35.0
2014,,,Yorkshire and The Humber,Undefined,Units,Percentage (%),E12000003,34.7
2015,,,Yorkshire and The Humber,Undefined,Units,Percentage (%),E12000003,33.9
2016,,,Yorkshire and The Humber,Undefined,Units,Percentage (%),E12000003,37.7
2017,,,Yorkshire and The Humber,Undefined,Units,Percentage (%),E12000003,38.0
2012,,,East Midlands,Undefined,Units,Percentage (%),E12000004,34.3
2013,,,East Midlands,Undefined,Units,Percentage (%),E12000004,33.4
2014,,,East Midlands,Undefined,Units,Percentage (%),E12000004,35.7
2015,,,East Midlands,Undefined,Units,Percentage (%),E12000004,38.2
2016,,,East Midlands,Undefined,Units,Percentage (%),E12000004,37.7
2017,,,East Midlands,Undefined,Units,Percentage (%),E12000004,37.6
2012,,,West Midlands,Undefined,Units,Percentage (%),E12000005,35.1
2013,,,West Midlands,Undefined,Units,Percentage (%),E12000005,33.9
2014,,,West Midlands,Undefined,Units,Percentage (%),E12000005,36.4
2015,,,West Midlands,Undefined,Units,Percentage (%),E12000005,37.6
2016,,,West Midlands,Undefined,Units,Percentage (%),E12000005,35.1
2017,,,West Midlands,Undefined,Units,Percentage (%),E12000005,37.2
2012,,,East of England,Undefined,Units,Percentage (%),E12000006,35.5
2013,,,East of England,Undefined,Units,Percentage (%),E12000006,35.0
2014,,,East of England,Undefined,Units,Percentage (%),E12000006,36.3
2015,,,East of England,Undefined,Units,Percentage (%),E12000006,37.0
2016,,,East of England,Undefined,Units,Percentage (%),E12000006,36.0
2017,,,East of England,Undefined,Units,Percentage (%),E12000006,34.1
2012,,,London,Undefined,Units,Percentage (%),E12000007,35.9
2013,,,London,Undefined,Units,Percentage (%),E12000007,33.9
2014,,,London,Undefined,Units,Percentage (%),E12000007,35.9
2015,,,London,Undefined,Units,Percentage (%),E12000007,38.1
2016,,,London,Undefined,Units,Percentage (%),E12000007,37.2
2017,,,London,Undefined,Units,Percentage (%),E12000007,38.8
2012,,,South East,Undefined,Units,Percentage (%),E12000008,34.6
2013,,,South East,Undefined,Units,Percentage (%),E12000008,36.2
2014,,,South East,Undefined,Units,Percentage (%),E12000008,35.8
2015,,,South East,Undefined,Units,Percentage (%),E12000008,34.1
2016,,,South East,Undefined,Units,Percentage (%),E12000008,34.7
2017,,,South East,Undefined,Units,Percentage (%),E12000008,36.6
2012,,,South West,Undefined,Units,Percentage (%),E12000009,35.7
2013,,,South West,Undefined,Units,Percentage (%),E12000009,36.5
2014,,,South West,Undefined,Units,Percentage (%),E12000009,37.6
2015,,,South West,Undefined,Units,Percentage (%),E12000009,39.7
2016,,,South West,Undefined,Units,Percentage (%),E12000009,39.1
2017,,,South West,Undefined,Units,Percentage (%),E12000009,38.0
2012,,,Wales,Undefined,Units,Percentage (%),W92000004,38.7
2013,,,Wales,Undefined,Units,Percentage (%),W92000004,36.7
2014,,,Wales,Undefined,Units,Percentage (%),W92000004,35.8
2015,,,Wales,Undefined,Units,Percentage (%),W92000004,38.3
2016,,,Wales,Undefined,Units,Percentage (%),W92000004,39.8
2017,,,Wales,Undefined,Units,Percentage (%),W92000004,41.6
2012,,,Scotland,Undefined,Units,Percentage (%),S92000003,38.6
2013,,,Scotland,Undefined,Units,Percentage (%),S92000003,38.3
2014,,,Scotland,Undefined,Units,Percentage (%),S92000003,39.3
2015,,,Scotland,Undefined,Units,Percentage (%),S92000003,38.7
2016,,,Scotland,Undefined,Units,Percentage (%),S92000003,40.7
2017,,,Scotland,Undefined,Units,Percentage (%),S92000003,41.2
2012,,,Northern Ireland,Undefined,Units,Percentage (%),N92000002,38.3
2013,,,Northern Ireland,Undefined,Units,Percentage (%),N92000002,41.2
2014,,,Northern Ireland,Undefined,Units,Percentage (%),N92000002,44.1
2015,,,Northern Ireland,Undefined,Units,Percentage (%),N92000002,35.4
2016,,,Northern Ireland,Undefined,Units,Percentage (%),N92000002,36.1
2017,,,Northern Ireland,Undefined,Units,Percentage (%),N92000002,38.2
