Year,Units,Sex,Age,Country,Region,Industry sector,Occupation,Unit measure,Unit multiplier,Observation status,GeoCode,Value
2004/05,"Fatal injury (rate per 100,000 workers)",,,,,,,"Rate per 100,000 workers",Units,Undefined,,0.78
2005/06,"Fatal injury (rate per 100,000 workers)",,,,,,,"Rate per 100,000 workers",Units,Undefined,,0.75
2006/07,"Fatal injury (rate per 100,000 workers)",,,,,,,"Rate per 100,000 workers",Units,Undefined,,0.84
2007/08,"Fatal injury (rate per 100,000 workers)",,,,,,,"Rate per 100,000 workers",Units,Undefined,,0.79
2008/09,"Fatal injury (rate per 100,000 workers)",,,,,,,"Rate per 100,000 workers",Units,Undefined,,0.6
2009/10,"Fatal injury (rate per 100,000 workers)",,,,,,,"Rate per 100,000 workers",Units,Undefined,,0.5
2010/11,"Fatal injury (rate per 100,000 workers)",,,,,,,"Rate per 100,000 workers",Units,Undefined,,0.6
2011/12,"Fatal injury (rate per 100,000 workers)",,,,,,,"Rate per 100,000 workers",Units,Undefined,,0.58
2012/13,"Fatal injury (rate per 100,000 workers)",,,,,,,"Rate per 100,000 workers",Units,Undefined,,0.5
2013/14,"Fatal injury (rate per 100,000 workers)",,,,,,,"Rate per 100,000 workers",Units,Undefined,,0.45
2014/15,"Fatal injury (rate per 100,000 workers)",,,,,,,"Rate per 100,000 workers",Units,Undefined,,0.46
2015/16,"Fatal injury (rate per 100,000 workers)",,,,,,,"Rate per 100,000 workers",Units,Undefined,,0.47
2016/17,"Fatal injury (rate per 100,000 workers)",,,,,,,"Rate per 100,000 workers",Units,Undefined,,0.42
2017/18,"Fatal injury (rate per 100,000 workers)",,,,,,,"Rate per 100,000 workers",Units,Undefined,,0.44
2018/19,"Fatal injury (rate per 100,000 workers)",,,,,,,"Rate per 100,000 workers",Units,Undefined,,0.45
2018/19,"Fatal injury (rate per 100,000 workers)",Male,,,,,,"Rate per 100,000 workers",Units,Undefined,,0.81
2018/19,"Fatal injury (rate per 100,000 workers)",Female,,,,,,"Rate per 100,000 workers",Units,Undefined,,0.05
2017/18,"Fatal injury (rate per 100,000 workers)",Male,,,,,,"Rate per 100,000 workers",Units,Undefined,,0.79
2017/18,"Fatal injury (rate per 100,000 workers)",Female,,,,,,"Rate per 100,000 workers",Units,Undefined,,0.04
2016/17,"Fatal injury (rate per 100,000 workers)",Male,,,,,,"Rate per 100,000 workers",Units,Undefined,,0.78
2016/17,"Fatal injury (rate per 100,000 workers)",Female,,,,,,"Rate per 100,000 workers",Units,Undefined,,0.03
2015/16,"Fatal injury (rate per 100,000 workers)",Male,,,,,,"Rate per 100,000 workers",Units,Undefined,,0.85
2015/16,"Fatal injury (rate per 100,000 workers)",Female,,,,,,"Rate per 100,000 workers",Units,Undefined,,0.03
2014/15,"Fatal injury (rate per 100,000 workers)",Male,,,,,,"Rate per 100,000 workers",Units,Undefined,,0.82
2014/15,"Fatal injury (rate per 100,000 workers)",Female,,,,,,"Rate per 100,000 workers",Units,Undefined,,0.06
2018/19,"Fatal injury (rate per 100,000 workers)",,16 to 19 *,,,,,"Rate per 100,000 workers",Units,Undefined,,0.1
2018/19,"Fatal injury (rate per 100,000 workers)",,20 to 24 *,,,,,"Rate per 100,000 workers",Units,Undefined,,0.33
2018/19,"Fatal injury (rate per 100,000 workers)",,25 to 34,,,,,"Rate per 100,000 workers",Units,Undefined,,0.26
2018/19,"Fatal injury (rate per 100,000 workers)",,35 to 44,,,,,"Rate per 100,000 workers",Units,Undefined,,0.4
2018/19,"Fatal injury (rate per 100,000 workers)",,45 to 54,,,,,"Rate per 100,000 workers",Units,Undefined,,0.48
2018/19,"Fatal injury (rate per 100,000 workers)",,55 to 59 *,,,,,"Rate per 100,000 workers",Units,Undefined,,0.4
2018/19,"Fatal injury (rate per 100,000 workers)",,60 to 64 *,,,,,"Rate per 100,000 workers",Units,Undefined,,0.85
2018/19,"Fatal injury (rate per 100,000 workers)",,65 and over *,,,,,"Rate per 100,000 workers",Units,Undefined,,1.61
2017/18,"Fatal injury (rate per 100,000 workers)",,16 to 19 *,,,,,"Rate per 100,000 workers",Units,Undefined,,0.1
2017/18,"Fatal injury (rate per 100,000 workers)",,20 to 24 *,,,,,"Rate per 100,000 workers",Units,Undefined,,0.29
2017/18,"Fatal injury (rate per 100,000 workers)",,25 to 34,,,,,"Rate per 100,000 workers",Units,Undefined,,0.23
2017/18,"Fatal injury (rate per 100,000 workers)",,35 to 44,,,,,"Rate per 100,000 workers",Units,Undefined,,0.3
2017/18,"Fatal injury (rate per 100,000 workers)",,45 to 54,,,,,"Rate per 100,000 workers",Units,Undefined,,0.28
2017/18,"Fatal injury (rate per 100,000 workers)",,55 to 59 *,,,,,"Rate per 100,000 workers",Units,Undefined,,0.52
2017/18,"Fatal injury (rate per 100,000 workers)",,60 to 64 *,,,,,"Rate per 100,000 workers",Units,Undefined,,1.27
2017/18,"Fatal injury (rate per 100,000 workers)",,65 and over *,,,,,"Rate per 100,000 workers",Units,Undefined,,2.42
2016/17,"Fatal injury (rate per 100,000 workers)",,16 to 19 *,,,,,"Rate per 100,000 workers",Units,Undefined,,0.19
2016/17,"Fatal injury (rate per 100,000 workers)",,20 to 24 *,,,,,"Rate per 100,000 workers",Units,Undefined,,0.32
2016/17,"Fatal injury (rate per 100,000 workers)",,25 to 34,,,,,"Rate per 100,000 workers",Units,Undefined,,0.22
2016/17,"Fatal injury (rate per 100,000 workers)",,35 to 44,,,,,"Rate per 100,000 workers",Units,Undefined,,0.39
2016/17,"Fatal injury (rate per 100,000 workers)",,45 to 54,,,,,"Rate per 100,000 workers",Units,Undefined,,0.28
2016/17,"Fatal injury (rate per 100,000 workers)",,55 to 59 *,,,,,"Rate per 100,000 workers",Units,Undefined,,0.73
2016/17,"Fatal injury (rate per 100,000 workers)",,60 to 64 *,,,,,"Rate per 100,000 workers",Units,Undefined,,0.66
2016/17,"Fatal injury (rate per 100,000 workers)",,65 and over *,,,,,"Rate per 100,000 workers",Units,Undefined,,1.92
2015/16,"Fatal injury (rate per 100,000 workers)",,16 to 19 *,,,,,"Rate per 100,000 workers",Units,Undefined,,0.19
2015/16,"Fatal injury (rate per 100,000 workers)",,20 to 24 *,,,,,"Rate per 100,000 workers",Units,Undefined,,0.21
2015/16,"Fatal injury (rate per 100,000 workers)",,25 to 34,,,,,"Rate per 100,000 workers",Units,Undefined,,0.28
2015/16,"Fatal injury (rate per 100,000 workers)",,35 to 44,,,,,"Rate per 100,000 workers",Units,Undefined,,0.4
2015/16,"Fatal injury (rate per 100,000 workers)",,45 to 54,,,,,"Rate per 100,000 workers",Units,Undefined,,0.47
2015/16,"Fatal injury (rate per 100,000 workers)",,55 to 59 *,,,,,"Rate per 100,000 workers",Units,Undefined,,0.52
2015/16,"Fatal injury (rate per 100,000 workers)",,60 to 64 *,,,,,"Rate per 100,000 workers",Units,Undefined,,0.97
2015/16,"Fatal injury (rate per 100,000 workers)",,65 and over *,,,,,"Rate per 100,000 workers",Units,Undefined,,1.8
2014/15,"Fatal injury (rate per 100,000 workers)",,16 to 19 *,,,,,"Rate per 100,000 workers",Units,Undefined,,0.49
2014/15,"Fatal injury (rate per 100,000 workers)",,20 to 24 *,,,,,"Rate per 100,000 workers",Units,Undefined,,0.33
2014/15,"Fatal injury (rate per 100,000 workers)",,25 to 34,,,,,"Rate per 100,000 workers",Units,Undefined,,0.36
2014/15,"Fatal injury (rate per 100,000 workers)",,35 to 44,,,,,"Rate per 100,000 workers",Units,Undefined,,0.27
2014/15,"Fatal injury (rate per 100,000 workers)",,45 to 54,,,,,"Rate per 100,000 workers",Units,Undefined,,0.34
2014/15,"Fatal injury (rate per 100,000 workers)",,55 to 59 *,,,,,"Rate per 100,000 workers",Units,Undefined,,0.46
2014/15,"Fatal injury (rate per 100,000 workers)",,60 to 64 *,,,,,"Rate per 100,000 workers",Units,Undefined,,0.83
2014/15,"Fatal injury (rate per 100,000 workers)",,65 and over *,,,,,"Rate per 100,000 workers",Units,Undefined,,2.23
2018/19,"Fatal injury (rate per 100,000 workers)",,,England and Wales *,,,,"Rate per 100,000 workers",Units,Undefined,,0.4
2018/19,"Fatal injury (rate per 100,000 workers)",,,England,,,,"Rate per 100,000 workers",Units,Undefined,E92000001,0.4
2018/19,"Fatal injury (rate per 100,000 workers)",,,England,North East,,,"Rate per 100,000 workers",Units,Undefined,E12000001,0.42
2018/19,"Fatal injury (rate per 100,000 workers)",,,England,North West,,,"Rate per 100,000 workers",Units,Undefined,E12000002,0.28
2018/19,"Fatal injury (rate per 100,000 workers)",,,England,Yorkshire and The Humber,,,"Rate per 100,000 workers",Units,Undefined,E12000003,0.57
2018/19,"Fatal injury (rate per 100,000 workers)",,,England,East Midlands,,,"Rate per 100,000 workers",Units,Undefined,E12000004,0.4
2018/19,"Fatal injury (rate per 100,000 workers)",,,England,West Midlands,,,"Rate per 100,000 workers",Units,Undefined,E12000005,0.71
2018/19,"Fatal injury (rate per 100,000 workers)",,,England,East of England,,,"Rate per 100,000 workers",Units,Undefined,E12000006,0.55
2018/19,"Fatal injury (rate per 100,000 workers)",,,England,London,,,"Rate per 100,000 workers",Units,Undefined,E12000007,0.2
2018/19,"Fatal injury (rate per 100,000 workers)",,,England,South East,,,"Rate per 100,000 workers",Units,Undefined,E12000008,0.29
2018/19,"Fatal injury (rate per 100,000 workers)",,,England,South West,,,"Rate per 100,000 workers",Units,Undefined,E12000009,0.38
2018/19,"Fatal injury (rate per 100,000 workers)",,,Wales,,,,"Rate per 100,000 workers",Units,Undefined,W92000004,0.48
2018/19,"Fatal injury (rate per 100,000 workers)",,,Scotland,,,,"Rate per 100,000 workers",Units,Undefined,S92000003,1.07
2017/18,"Fatal injury (rate per 100,000 workers)",,,England and Wales *,,,,"Rate per 100,000 workers",Units,Undefined,,0.42
2017/18,"Fatal injury (rate per 100,000 workers)",,,England,,,,"Rate per 100,000 workers",Units,Undefined,E92000001,0.4
2017/18,"Fatal injury (rate per 100,000 workers)",,,England,North East,,,"Rate per 100,000 workers",Units,Undefined,E12000001,0.17
2017/18,"Fatal injury (rate per 100,000 workers)",,,England,North West,,,"Rate per 100,000 workers",Units,Undefined,E12000002,0.46
2017/18,"Fatal injury (rate per 100,000 workers)",,,England,Yorkshire and The Humber,,,"Rate per 100,000 workers",Units,Undefined,E12000003,0.49
2017/18,"Fatal injury (rate per 100,000 workers)",,,England,East Midlands,,,"Rate per 100,000 workers",Units,Undefined,E12000004,0.45
2017/18,"Fatal injury (rate per 100,000 workers)",,,England,West Midlands,,,"Rate per 100,000 workers",Units,Undefined,E12000005,0.51
2017/18,"Fatal injury (rate per 100,000 workers)",,,England,East of England,,,"Rate per 100,000 workers",Units,Undefined,E12000006,0.53
2017/18,"Fatal injury (rate per 100,000 workers)",,,England,London,,,"Rate per 100,000 workers",Units,Undefined,E12000007,0.21
2017/18,"Fatal injury (rate per 100,000 workers)",,,England,South East,,,"Rate per 100,000 workers",Units,Undefined,E12000008,0.36
2017/18,"Fatal injury (rate per 100,000 workers)",,,England,South West,,,"Rate per 100,000 workers",Units,Undefined,E12000009,0.41
2017/18,"Fatal injury (rate per 100,000 workers)",,,Wales,,,,"Rate per 100,000 workers",Units,Undefined,W92000004,0.91
2017/18,"Fatal injury (rate per 100,000 workers)",,,Scotland,,,,"Rate per 100,000 workers",Units,Undefined,S92000003,0.63
2016/17,"Fatal injury (rate per 100,000 workers)",,,England and Wales *,,,,"Rate per 100,000 workers",Units,Undefined,,0.41
2016/17,"Fatal injury (rate per 100,000 workers)",,,England,,,,"Rate per 100,000 workers",Units,Undefined,E92000001,0.39
2016/17,"Fatal injury (rate per 100,000 workers)",,,England,North East,,,"Rate per 100,000 workers",Units,Undefined,E12000001,0.51
2016/17,"Fatal injury (rate per 100,000 workers)",,,England,North West,,,"Rate per 100,000 workers",Units,Undefined,E12000002,0.32
2016/17,"Fatal injury (rate per 100,000 workers)",,,England,Yorkshire and The Humber,,,"Rate per 100,000 workers",Units,Undefined,E12000003,0.53
2016/17,"Fatal injury (rate per 100,000 workers)",,,England,East Midlands,,,"Rate per 100,000 workers",Units,Undefined,E12000004,0.76
2016/17,"Fatal injury (rate per 100,000 workers)",,,England,West Midlands,,,"Rate per 100,000 workers",Units,Undefined,E12000005,0.48
2016/17,"Fatal injury (rate per 100,000 workers)",,,England,East of England,,,"Rate per 100,000 workers",Units,Undefined,E12000006,0.32
2016/17,"Fatal injury (rate per 100,000 workers)",,,England,London,,,"Rate per 100,000 workers",Units,Undefined,E12000007,0.21
2016/17,"Fatal injury (rate per 100,000 workers)",,,England,South East,,,"Rate per 100,000 workers",Units,Undefined,E12000008,0.34
2016/17,"Fatal injury (rate per 100,000 workers)",,,England,South West,,,"Rate per 100,000 workers",Units,Undefined,E12000009,0.36
2016/17,"Fatal injury (rate per 100,000 workers)",,,Wales,,,,"Rate per 100,000 workers",Units,Undefined,W92000004,0.78
2016/17,"Fatal injury (rate per 100,000 workers)",,,Scotland,,,,"Rate per 100,000 workers",Units,Undefined,S92000003,0.67
2015/16,"Fatal injury (rate per 100,000 workers)",,,England and Wales *,,,,"Rate per 100,000 workers",Units,Undefined,,0.46
2015/16,"Fatal injury (rate per 100,000 workers)",,,England,,,,"Rate per 100,000 workers",Units,Undefined,E92000001,0.44
2015/16,"Fatal injury (rate per 100,000 workers)",,,England,North East,,,"Rate per 100,000 workers",Units,Undefined,E12000001,0.52
2015/16,"Fatal injury (rate per 100,000 workers)",,,England,North West,,,"Rate per 100,000 workers",Units,Undefined,E12000002,0.5
2015/16,"Fatal injury (rate per 100,000 workers)",,,England,Yorkshire and The Humber,,,"Rate per 100,000 workers",Units,Undefined,E12000003,0.57
2015/16,"Fatal injury (rate per 100,000 workers)",,,England,East Midlands,,,"Rate per 100,000 workers",Units,Undefined,E12000004,0.54
2015/16,"Fatal injury (rate per 100,000 workers)",,,England,West Midlands,,,"Rate per 100,000 workers",Units,Undefined,E12000005,0.6
2015/16,"Fatal injury (rate per 100,000 workers)",,,England,East of England,,,"Rate per 100,000 workers",Units,Undefined,E12000006,0.46
2015/16,"Fatal injury (rate per 100,000 workers)",,,England,London,,,"Rate per 100,000 workers",Units,Undefined,E12000007,0.34
2015/16,"Fatal injury (rate per 100,000 workers)",,,England,South East,,,"Rate per 100,000 workers",Units,Undefined,E12000008,0.25
2015/16,"Fatal injury (rate per 100,000 workers)",,,England,South West,,,"Rate per 100,000 workers",Units,Undefined,E12000009,0.43
2015/16,"Fatal injury (rate per 100,000 workers)",,,Wales,,,,"Rate per 100,000 workers",Units,Undefined,W92000004,0.93
2015/16,"Fatal injury (rate per 100,000 workers)",,,Scotland,,,,"Rate per 100,000 workers",Units,Undefined,S92000003,0.56
2014/15,"Fatal injury (rate per 100,000 workers)",,,England and Wales *,,,,"Rate per 100,000 workers",Units,Undefined,,0.44
2014/15,"Fatal injury (rate per 100,000 workers)",,,England,,,,"Rate per 100,000 workers",Units,Undefined,E92000001,0.43
2014/15,"Fatal injury (rate per 100,000 workers)",,,England,North East,,,"Rate per 100,000 workers",Units,Undefined,E12000001,0.09
2014/15,"Fatal injury (rate per 100,000 workers)",,,England,North West,,,"Rate per 100,000 workers",Units,Undefined,E12000002,0.57
2014/15,"Fatal injury (rate per 100,000 workers)",,,England,Yorkshire and The Humber,,,"Rate per 100,000 workers",Units,Undefined,E12000003,0.6
2014/15,"Fatal injury (rate per 100,000 workers)",,,England,East Midlands,,,"Rate per 100,000 workers",Units,Undefined,E12000004,0.69
2014/15,"Fatal injury (rate per 100,000 workers)",,,England,West Midlands,,,"Rate per 100,000 workers",Units,Undefined,E12000005,0.42
2014/15,"Fatal injury (rate per 100,000 workers)",,,England,East of England,,,"Rate per 100,000 workers",Units,Undefined,E12000006,0.36
2014/15,"Fatal injury (rate per 100,000 workers)",,,England,London,,,"Rate per 100,000 workers",Units,Undefined,E12000007,0.18
2014/15,"Fatal injury (rate per 100,000 workers)",,,England,South East,,,"Rate per 100,000 workers",Units,Undefined,E12000008,0.23
2014/15,"Fatal injury (rate per 100,000 workers)",,,England,South West,,,"Rate per 100,000 workers",Units,Undefined,E12000009,0.76
2014/15,"Fatal injury (rate per 100,000 workers)",,,Wales,,,,"Rate per 100,000 workers",Units,Undefined,W92000004,0.72
2014/15,"Fatal injury (rate per 100,000 workers)",,,Scotland,,,,"Rate per 100,000 workers",Units,Undefined,S92000003,0.68
2004/05,"Fatal injury (rate per 100,000 workers)",,,,,"Agriculture, forestry and fishing",,"Rate per 100,000 workers",Units,Undefined,,12.8
2005/06,"Fatal injury (rate per 100,000 workers)",,,,,"Agriculture, forestry and fishing",,"Rate per 100,000 workers",Units,Undefined,,11.87
2006/07,"Fatal injury (rate per 100,000 workers)",,,,,"Agriculture, forestry and fishing",,"Rate per 100,000 workers",Units,Undefined,,11.53
2007/08,"Fatal injury (rate per 100,000 workers)",,,,,"Agriculture, forestry and fishing",,"Rate per 100,000 workers",Units,Undefined,,15.84
2008/09,"Fatal injury (rate per 100,000 workers)",,,,,"Agriculture, forestry and fishing",,"Rate per 100,000 workers",Units,Undefined,,7.46
2009/10,"Fatal injury (rate per 100,000 workers)",,,,,"Agriculture, forestry and fishing",,"Rate per 100,000 workers",Units,Undefined,,12.28
2010/11,"Fatal injury (rate per 100,000 workers)",,,,,"Agriculture, forestry and fishing",,"Rate per 100,000 workers",Units,Undefined,,9.77
2011/12,"Fatal injury (rate per 100,000 workers)",,,,,"Agriculture, forestry and fishing",,"Rate per 100,000 workers",Units,Undefined,,10.23
2012/13,"Fatal injury (rate per 100,000 workers)",,,,,"Agriculture, forestry and fishing",,"Rate per 100,000 workers",Units,Undefined,,9.4
2013/14,"Fatal injury (rate per 100,000 workers)",,,,,"Agriculture, forestry and fishing",,"Rate per 100,000 workers",Units,Undefined,,8.68
2014/15,"Fatal injury (rate per 100,000 workers)",,,,,"Agriculture, forestry and fishing",,"Rate per 100,000 workers",Units,Undefined,,8.84
2015/16,"Fatal injury (rate per 100,000 workers)",,,,,"Agriculture, forestry and fishing",,"Rate per 100,000 workers",Units,Undefined,,7.72
2016/17,"Fatal injury (rate per 100,000 workers)",,,,,"Agriculture, forestry and fishing",,"Rate per 100,000 workers",Units,Undefined,,7.31
2017/18,"Fatal injury (rate per 100,000 workers)",,,,,"Agriculture, forestry and fishing",,"Rate per 100,000 workers",Units,Undefined,,8.39
2018/19,"Fatal injury (rate per 100,000 workers)",,,,,"Agriculture, forestry and fishing",,"Rate per 100,000 workers",Units,Undefined,,9.21
2004/05,"Fatal injury (rate per 100,000 workers)",,,,,Mining and quarrying,,"Rate per 100,000 workers",Units,Undefined,,2.31
2005/06,"Fatal injury (rate per 100,000 workers)",,,,,Mining and quarrying,,"Rate per 100,000 workers",Units,Undefined,,4.28
2006/07,"Fatal injury (rate per 100,000 workers)",,,,,Mining and quarrying,,"Rate per 100,000 workers",Units,Undefined,,8.63
2007/08,"Fatal injury (rate per 100,000 workers)",,,,,Mining and quarrying,,"Rate per 100,000 workers",Units,Undefined,,4.65
2008/09,"Fatal injury (rate per 100,000 workers)",,,,,Mining and quarrying,,"Rate per 100,000 workers",Units,Undefined,,4.22
2009/10,"Fatal injury (rate per 100,000 workers)",,,,,Mining and quarrying,,"Rate per 100,000 workers",Units,Undefined,,4.76
2010/11,"Fatal injury (rate per 100,000 workers)",,,,,Mining and quarrying,,"Rate per 100,000 workers",Units,Undefined,,2.94
2011/12,"Fatal injury (rate per 100,000 workers)",,,,,Mining and quarrying,,"Rate per 100,000 workers",Units,Undefined,,10.24
2012/13,"Fatal injury (rate per 100,000 workers)",,,,,Mining and quarrying,,"Rate per 100,000 workers",Units,Undefined,,1.75
2013/14,"Fatal injury (rate per 100,000 workers)",,,,,Mining and quarrying,,"Rate per 100,000 workers",Units,Undefined,,2.39
2014/15,"Fatal injury (rate per 100,000 workers)",,,,,Mining and quarrying,,"Rate per 100,000 workers",Units,Undefined,,0.71
2015/16,"Fatal injury (rate per 100,000 workers)",,,,,Mining and quarrying,,"Rate per 100,000 workers",Units,Undefined,,1.45
2016/17,"Fatal injury (rate per 100,000 workers)",,,,,Mining and quarrying,,"Rate per 100,000 workers",Units,Undefined,,4.1
2017/18,"Fatal injury (rate per 100,000 workers)",,,,,Mining and quarrying,,"Rate per 100,000 workers",Units,Undefined,,3.35
2018/19,"Fatal injury (rate per 100,000 workers)",,,,,Mining and quarrying,,"Rate per 100,000 workers",Units,Undefined,,0.0
2004/05,"Fatal injury (rate per 100,000 workers)",,,,,"Gas, electricity and water supply; sewerage, waste and recycling *",,"Rate per 100,000 workers",Units,Undefined,,3.91
2005/06,"Fatal injury (rate per 100,000 workers)",,,,,"Gas, electricity and water supply; sewerage, waste and recycling *",,"Rate per 100,000 workers",Units,Undefined,,4.42
2006/07,"Fatal injury (rate per 100,000 workers)",,,,,"Gas, electricity and water supply; sewerage, waste and recycling *",,"Rate per 100,000 workers",Units,Undefined,,3.61
2007/08,"Fatal injury (rate per 100,000 workers)",,,,,"Gas, electricity and water supply; sewerage, waste and recycling *",,"Rate per 100,000 workers",Units,Undefined,,3.6
2008/09,"Fatal injury (rate per 100,000 workers)",,,,,"Gas, electricity and water supply; sewerage, waste and recycling *",,"Rate per 100,000 workers",Units,Undefined,,2.16
2009/10,"Fatal injury (rate per 100,000 workers)",,,,,"Gas, electricity and water supply; sewerage, waste and recycling *",,"Rate per 100,000 workers",Units,Undefined,,1.35
2010/11,"Fatal injury (rate per 100,000 workers)",,,,,"Gas, electricity and water supply; sewerage, waste and recycling *",,"Rate per 100,000 workers",Units,Undefined,,3.06
2011/12,"Fatal injury (rate per 100,000 workers)",,,,,"Gas, electricity and water supply; sewerage, waste and recycling *",,"Rate per 100,000 workers",Units,Undefined,,1.46
2012/13,"Fatal injury (rate per 100,000 workers)",,,,,"Gas, electricity and water supply; sewerage, waste and recycling *",,"Rate per 100,000 workers",Units,Undefined,,3.03
2013/14,"Fatal injury (rate per 100,000 workers)",,,,,"Gas, electricity and water supply; sewerage, waste and recycling *",,"Rate per 100,000 workers",Units,Undefined,,1.51
2014/15,"Fatal injury (rate per 100,000 workers)",,,,,"Gas, electricity and water supply; sewerage, waste and recycling *",,"Rate per 100,000 workers",Units,Undefined,,1.55
2015/16,"Fatal injury (rate per 100,000 workers)",,,,,"Gas, electricity and water supply; sewerage, waste and recycling *",,"Rate per 100,000 workers",Units,Undefined,,2.04
2016/17,"Fatal injury (rate per 100,000 workers)",,,,,"Gas, electricity and water supply; sewerage, waste and recycling *",,"Rate per 100,000 workers",Units,Undefined,,4.55
2017/18,"Fatal injury (rate per 100,000 workers)",,,,,"Gas, electricity and water supply; sewerage, waste and recycling *",,"Rate per 100,000 workers",Units,Undefined,,3.06
2018/19,"Fatal injury (rate per 100,000 workers)",,,,,"Gas, electricity and water supply; sewerage, waste and recycling *",,"Rate per 100,000 workers",Units,Undefined,,1.68
2004/05,"Fatal injury (rate per 100,000 workers)",,,,,Manufacturing,,"Rate per 100,000 workers",Units,Undefined,,1.12
2005/06,"Fatal injury (rate per 100,000 workers)",,,,,Manufacturing,,"Rate per 100,000 workers",Units,Undefined,,1.1
2006/07,"Fatal injury (rate per 100,000 workers)",,,,,Manufacturing,,"Rate per 100,000 workers",Units,Undefined,,1.0
2007/08,"Fatal injury (rate per 100,000 workers)",,,,,Manufacturing,,"Rate per 100,000 workers",Units,Undefined,,0.83
2008/09,"Fatal injury (rate per 100,000 workers)",,,,,Manufacturing,,"Rate per 100,000 workers",Units,Undefined,,0.88
2009/10,"Fatal injury (rate per 100,000 workers)",,,,,Manufacturing,,"Rate per 100,000 workers",Units,Undefined,,0.86
2010/11,"Fatal injury (rate per 100,000 workers)",,,,,Manufacturing,,"Rate per 100,000 workers",Units,Undefined,,0.99
2011/12,"Fatal injury (rate per 100,000 workers)",,,,,Manufacturing,,"Rate per 100,000 workers",Units,Undefined,,1.07
2012/13,"Fatal injury (rate per 100,000 workers)",,,,,Manufacturing,,"Rate per 100,000 workers",Units,Undefined,,0.74
2013/14,"Fatal injury (rate per 100,000 workers)",,,,,Manufacturing,,"Rate per 100,000 workers",Units,Undefined,,0.53
2014/15,"Fatal injury (rate per 100,000 workers)",,,,,Manufacturing,,"Rate per 100,000 workers",Units,Undefined,,0.62
2015/16,"Fatal injury (rate per 100,000 workers)",,,,,Manufacturing,,"Rate per 100,000 workers",Units,Undefined,,0.96
2016/17,"Fatal injury (rate per 100,000 workers)",,,,,Manufacturing,,"Rate per 100,000 workers",Units,Undefined,,0.63
2017/18,"Fatal injury (rate per 100,000 workers)",,,,,Manufacturing,,"Rate per 100,000 workers",Units,Undefined,,0.52
2018/19,"Fatal injury (rate per 100,000 workers)",,,,,Manufacturing,,"Rate per 100,000 workers",Units,Undefined,,0.92
2004/05,"Fatal injury (rate per 100,000 workers)",,,,,Construction,,"Rate per 100,000 workers",Units,Undefined,,2.95
2005/06,"Fatal injury (rate per 100,000 workers)",,,,,Construction,,"Rate per 100,000 workers",Units,Undefined,,2.49
2006/07,"Fatal injury (rate per 100,000 workers)",,,,,Construction,,"Rate per 100,000 workers",Units,Undefined,,3.19
2007/08,"Fatal injury (rate per 100,000 workers)",,,,,Construction,,"Rate per 100,000 workers",Units,Undefined,,2.87
2008/09,"Fatal injury (rate per 100,000 workers)",,,,,Construction,,"Rate per 100,000 workers",Units,Undefined,,2.04
2009/10,"Fatal injury (rate per 100,000 workers)",,,,,Construction,,"Rate per 100,000 workers",Units,Undefined,,1.79
2010/11,"Fatal injury (rate per 100,000 workers)",,,,,Construction,,"Rate per 100,000 workers",Units,Undefined,,2.31
2011/12,"Fatal injury (rate per 100,000 workers)",,,,,Construction,,"Rate per 100,000 workers",Units,Undefined,,2.25
2012/13,"Fatal injury (rate per 100,000 workers)",,,,,Construction,,"Rate per 100,000 workers",Units,Undefined,,1.94
2013/14,"Fatal injury (rate per 100,000 workers)",,,,,Construction,,"Rate per 100,000 workers",Units,Undefined,,2.07
2014/15,"Fatal injury (rate per 100,000 workers)",,,,,Construction,,"Rate per 100,000 workers",Units,Undefined,,1.63
2015/16,"Fatal injury (rate per 100,000 workers)",,,,,Construction,,"Rate per 100,000 workers",Units,Undefined,,2.12
2016/17,"Fatal injury (rate per 100,000 workers)",,,,,Construction,,"Rate per 100,000 workers",Units,Undefined,,1.42
2017/18,"Fatal injury (rate per 100,000 workers)",,,,,Construction,,"Rate per 100,000 workers",Units,Undefined,,1.6
2018/19,"Fatal injury (rate per 100,000 workers)",,,,,Construction,,"Rate per 100,000 workers",Units,Undefined,,1.31
2004/05,"Fatal injury (rate per 100,000 workers)",,,,,Service industries *,,"Rate per 100,000 workers",Units,Undefined,,0.28
2005/06,"Fatal injury (rate per 100,000 workers)",,,,,Service industries *,,"Rate per 100,000 workers",Units,Undefined,,0.3
2006/07,"Fatal injury (rate per 100,000 workers)",,,,,Service industries *,,"Rate per 100,000 workers",Units,Undefined,,0.35
2007/08,"Fatal injury (rate per 100,000 workers)",,,,,Service industries *,,"Rate per 100,000 workers",Units,Undefined,,0.3
2008/09,"Fatal injury (rate per 100,000 workers)",,,,,Service industries *,,"Rate per 100,000 workers",Units,Undefined,,0.26
2009/10,"Fatal injury (rate per 100,000 workers)",,,,,Service industries *,,"Rate per 100,000 workers",Units,Undefined,,0.14
2010/11,"Fatal injury (rate per 100,000 workers)",,,,,Service industries *,,"Rate per 100,000 workers",Units,Undefined,,0.21
2011/12,"Fatal injury (rate per 100,000 workers)",,,,,Service industries *,,"Rate per 100,000 workers",Units,Undefined,,0.18
2012/13,"Fatal injury (rate per 100,000 workers)",,,,,Service industries *,,"Rate per 100,000 workers",Units,Undefined,,0.18
2013/14,"Fatal injury (rate per 100,000 workers)",,,,,Service industries *,,"Rate per 100,000 workers",Units,Undefined,,0.17
2014/15,"Fatal injury (rate per 100,000 workers)",,,,,Service industries *,,"Rate per 100,000 workers",Units,Undefined,,0.2
2015/16,"Fatal injury (rate per 100,000 workers)",,,,,Service industries *,,"Rate per 100,000 workers",Units,Undefined,,0.14
2016/17,"Fatal injury (rate per 100,000 workers)",,,,,Service industries *,,"Rate per 100,000 workers",Units,Undefined,,0.14
2017/18,"Fatal injury (rate per 100,000 workers)",,,,,Service industries *,,"Rate per 100,000 workers",Units,Undefined,,0.17
2018/19,"Fatal injury (rate per 100,000 workers)",,,,,Service industries *,,"Rate per 100,000 workers",Units,Undefined,,0.2
2000/01,"Non-fatal injury (rate per 100,000 workers)",,,,,,,"Rate per 100,000 workers",Units,Undefined,,3980.0
2001/02,"Non-fatal injury (rate per 100,000 workers)",,,,,,,"Rate per 100,000 workers",Units,Undefined,,3780.0
2002/03,"Non-fatal injury (rate per 100,000 workers)",,,,,,,"Rate per 100,000 workers",Units,Undefined,,3800.0
2003/04,"Non-fatal injury (rate per 100,000 workers)",,,,,,,"Rate per 100,000 workers",Units,Undefined,,3480.0
2004/05,"Non-fatal injury (rate per 100,000 workers)",,,,,,,"Rate per 100,000 workers",Units,Undefined,,3210.0
2005/06,"Non-fatal injury (rate per 100,000 workers)",,,,,,,"Rate per 100,000 workers",Units,Undefined,,3030.0
2006/07,"Non-fatal injury (rate per 100,000 workers)",,,,,,,"Rate per 100,000 workers",Units,Undefined,,3100.0
2007/08,"Non-fatal injury (rate per 100,000 workers)",,,,,,,"Rate per 100,000 workers",Units,Undefined,,2850.0
2008/09,"Non-fatal injury (rate per 100,000 workers)",,,,,,,"Rate per 100,000 workers",Units,Undefined,,2570.0
2009/10,"Non-fatal injury (rate per 100,000 workers)",,,,,,,"Rate per 100,000 workers",Units,Undefined,,2580.0
2010/11,"Non-fatal injury (rate per 100,000 workers)",,,,,,,"Rate per 100,000 workers",Units,Undefined,,2130.0
2011/12,"Non-fatal injury (rate per 100,000 workers)",,,,,,,"Rate per 100,000 workers",Units,Undefined,,2090.0
2012/13,"Non-fatal injury (rate per 100,000 workers)",,,,,,,"Rate per 100,000 workers",Units,Undefined,,2240.0
2013/14,"Non-fatal injury (rate per 100,000 workers)",,,,,,,"Rate per 100,000 workers",Units,Undefined,,2130.0
2014/15,"Non-fatal injury (rate per 100,000 workers)",,,,,,,"Rate per 100,000 workers",Units,Undefined,,2030.0
2015/16,"Non-fatal injury (rate per 100,000 workers)",,,,,,,"Rate per 100,000 workers",Units,Undefined,,2030.0
2016/17,"Non-fatal injury (rate per 100,000 workers)",,,,,,,"Rate per 100,000 workers",Units,Undefined,,1970.0
2017/18,"Non-fatal injury (rate per 100,000 workers)",,,,,,,"Rate per 100,000 workers",Units,Undefined,,1770.0
2018/19,"Non-fatal injury (rate per 100,000 workers)",,,,,,,"Rate per 100,000 workers",Units,Undefined,,1830.0
2002/03,"Non-fatal injury (rate per 100,000 workers)",,,England,,,,"Averaged rate per 100,000 workers",Units,Undefined,E92000001,3680.0
2005/06,"Non-fatal injury (rate per 100,000 workers)",,,England,,,,"Averaged rate per 100,000 workers",Units,Undefined,E92000001,3100.0
2008/09,"Non-fatal injury (rate per 100,000 workers)",,,England,,,,"Averaged rate per 100,000 workers",Units,Undefined,E92000001,2670.0
2011/12,"Non-fatal injury (rate per 100,000 workers)",,,England,,,,"Averaged rate per 100,000 workers",Units,Undefined,E92000001,2170.0
2014/15,"Non-fatal injury (rate per 100,000 workers)",,,England,,,,"Averaged rate per 100,000 workers",Units,Undefined,E92000001,2040.0
2017/18,"Non-fatal injury (rate per 100,000 workers)",,,England,,,,"Averaged rate per 100,000 workers",Units,Undefined,E92000001,1860.0
2002/03,"Non-fatal injury (rate per 100,000 workers)",,,England,North East,,,"Averaged rate per 100,000 workers",Units,Undefined,E12000001,4290.0
2005/06,"Non-fatal injury (rate per 100,000 workers)",,,England,North East,,,"Averaged rate per 100,000 workers",Units,Undefined,E12000001,4150.0
2008/09,"Non-fatal injury (rate per 100,000 workers)",,,England,North East,,,"Averaged rate per 100,000 workers",Units,Undefined,E12000001,3340.0
2011/12,"Non-fatal injury (rate per 100,000 workers)",,,England,North East,,,"Averaged rate per 100,000 workers",Units,Undefined,E12000001,2190.0
2014/15,"Non-fatal injury (rate per 100,000 workers)",,,England,North East,,,"Averaged rate per 100,000 workers",Units,Undefined,E12000001,1800.0
2017/18,"Non-fatal injury (rate per 100,000 workers)",,,England,North East,,,"Averaged rate per 100,000 workers",Units,Undefined,E12000001,1510.0
2002/03,"Non-fatal injury (rate per 100,000 workers)",,,England,North West,,,"Averaged rate per 100,000 workers",Units,Undefined,E12000002,3440.0
2005/06,"Non-fatal injury (rate per 100,000 workers)",,,England,North West,,,"Averaged rate per 100,000 workers",Units,Undefined,E12000002,2720.0
2008/09,"Non-fatal injury (rate per 100,000 workers)",,,England,North West,,,"Averaged rate per 100,000 workers",Units,Undefined,E12000002,2630.0
2011/12,"Non-fatal injury (rate per 100,000 workers)",,,England,North West,,,"Averaged rate per 100,000 workers",Units,Undefined,E12000002,2090.0
2014/15,"Non-fatal injury (rate per 100,000 workers)",,,England,North West,,,"Averaged rate per 100,000 workers",Units,Undefined,E12000002,2040.0
2017/18,"Non-fatal injury (rate per 100,000 workers)",,,England,North West,,,"Averaged rate per 100,000 workers",Units,Undefined,E12000002,1710.0
2002/03,"Non-fatal injury (rate per 100,000 workers)",,,England,Yorkshire and The Humber,,,"Averaged rate per 100,000 workers",Units,Undefined,E12000003,4110.0
2005/06,"Non-fatal injury (rate per 100,000 workers)",,,England,Yorkshire and The Humber,,,"Averaged rate per 100,000 workers",Units,Undefined,E12000003,3500.0
2008/09,"Non-fatal injury (rate per 100,000 workers)",,,England,Yorkshire and The Humber,,,"Averaged rate per 100,000 workers",Units,Undefined,E12000003,3010.0
2011/12,"Non-fatal injury (rate per 100,000 workers)",,,England,Yorkshire and The Humber,,,"Averaged rate per 100,000 workers",Units,Undefined,E12000003,2100.0
2014/15,"Non-fatal injury (rate per 100,000 workers)",,,England,Yorkshire and The Humber,,,"Averaged rate per 100,000 workers",Units,Undefined,E12000003,2160.0
2017/18,"Non-fatal injury (rate per 100,000 workers)",,,England,Yorkshire and The Humber,,,"Averaged rate per 100,000 workers",Units,Undefined,E12000003,2370.0
2002/03,"Non-fatal injury (rate per 100,000 workers)",,,England,East Midlands,,,"Averaged rate per 100,000 workers",Units,Undefined,E12000004,4100.0
2005/06,"Non-fatal injury (rate per 100,000 workers)",,,England,East Midlands,,,"Averaged rate per 100,000 workers",Units,Undefined,E12000004,3590.0
2008/09,"Non-fatal injury (rate per 100,000 workers)",,,England,East Midlands,,,"Averaged rate per 100,000 workers",Units,Undefined,E12000004,2970.0
2011/12,"Non-fatal injury (rate per 100,000 workers)",,,England,East Midlands,,,"Averaged rate per 100,000 workers",Units,Undefined,E12000004,2650.0
2014/15,"Non-fatal injury (rate per 100,000 workers)",,,England,East Midlands,,,"Averaged rate per 100,000 workers",Units,Undefined,E12000004,2640.0
2017/18,"Non-fatal injury (rate per 100,000 workers)",,,England,East Midlands,,,"Averaged rate per 100,000 workers",Units,Undefined,E12000004,2350.0
2002/03,"Non-fatal injury (rate per 100,000 workers)",,,England,West Midlands,,,"Averaged rate per 100,000 workers",Units,Undefined,E12000005,3580.0
2005/06,"Non-fatal injury (rate per 100,000 workers)",,,England,West Midlands,,,"Averaged rate per 100,000 workers",Units,Undefined,E12000005,3270.0
2008/09,"Non-fatal injury (rate per 100,000 workers)",,,England,West Midlands,,,"Averaged rate per 100,000 workers",Units,Undefined,E12000005,2780.0
2011/12,"Non-fatal injury (rate per 100,000 workers)",,,England,West Midlands,,,"Averaged rate per 100,000 workers",Units,Undefined,E12000005,2050.0
2014/15,"Non-fatal injury (rate per 100,000 workers)",,,England,West Midlands,,,"Averaged rate per 100,000 workers",Units,Undefined,E12000005,2230.0
2017/18,"Non-fatal injury (rate per 100,000 workers)",,,England,West Midlands,,,"Averaged rate per 100,000 workers",Units,Undefined,E12000005,1530.0
2002/03,"Non-fatal injury (rate per 100,000 workers)",,,England,East of England,,,"Averaged rate per 100,000 workers",Units,Undefined,E12000006,3760.0
2005/06,"Non-fatal injury (rate per 100,000 workers)",,,England,East of England,,,"Averaged rate per 100,000 workers",Units,Undefined,E12000006,2990.0
2008/09,"Non-fatal injury (rate per 100,000 workers)",,,England,East of England,,,"Averaged rate per 100,000 workers",Units,Undefined,E12000006,2430.0
2011/12,"Non-fatal injury (rate per 100,000 workers)",,,England,East of England,,,"Averaged rate per 100,000 workers",Units,Undefined,E12000006,2280.0
2014/15,"Non-fatal injury (rate per 100,000 workers)",,,England,East of England,,,"Averaged rate per 100,000 workers",Units,Undefined,E12000006,2220.0
2017/18,"Non-fatal injury (rate per 100,000 workers)",,,England,East of England,,,"Averaged rate per 100,000 workers",Units,Undefined,E12000006,1970.0
2002/03,"Non-fatal injury (rate per 100,000 workers)",,,England,London,,,"Averaged rate per 100,000 workers",Units,Undefined,E12000007,2930.0
2005/06,"Non-fatal injury (rate per 100,000 workers)",,,England,London,,,"Averaged rate per 100,000 workers",Units,Undefined,E12000007,2330.0
2008/09,"Non-fatal injury (rate per 100,000 workers)",,,England,London,,,"Averaged rate per 100,000 workers",Units,Undefined,E12000007,1680.0
2011/12,"Non-fatal injury (rate per 100,000 workers)",,,England,London,,,"Averaged rate per 100,000 workers",Units,Undefined,E12000007,1730.0
2014/15,"Non-fatal injury (rate per 100,000 workers)",,,England,London,,,"Averaged rate per 100,000 workers",Units,Undefined,E12000007,1380.0
2017/18,"Non-fatal injury (rate per 100,000 workers)",,,England,London,,,"Averaged rate per 100,000 workers",Units,Undefined,E12000007,1320.0
2002/03,"Non-fatal injury (rate per 100,000 workers)",,,England,South East,,,"Averaged rate per 100,000 workers",Units,Undefined,E12000008,3620.0
2005/06,"Non-fatal injury (rate per 100,000 workers)",,,England,South East,,,"Averaged rate per 100,000 workers",Units,Undefined,E12000008,3000.0
2008/09,"Non-fatal injury (rate per 100,000 workers)",,,England,South East,,,"Averaged rate per 100,000 workers",Units,Undefined,E12000008,2910.0
2011/12,"Non-fatal injury (rate per 100,000 workers)",,,England,South East,,,"Averaged rate per 100,000 workers",Units,Undefined,E12000008,2210.0
2014/15,"Non-fatal injury (rate per 100,000 workers)",,,England,South East,,,"Averaged rate per 100,000 workers",Units,Undefined,E12000008,2090.0
2017/18,"Non-fatal injury (rate per 100,000 workers)",,,England,South East,,,"Averaged rate per 100,000 workers",Units,Undefined,E12000008,1980.0
2002/03,"Non-fatal injury (rate per 100,000 workers)",,,England,South West,,,"Averaged rate per 100,000 workers",Units,Undefined,E12000009,4100.0
2005/06,"Non-fatal injury (rate per 100,000 workers)",,,England,South West,,,"Averaged rate per 100,000 workers",Units,Undefined,E12000009,3530.0
2008/09,"Non-fatal injury (rate per 100,000 workers)",,,England,South West,,,"Averaged rate per 100,000 workers",Units,Undefined,E12000009,3050.0
2011/12,"Non-fatal injury (rate per 100,000 workers)",,,England,South West,,,"Averaged rate per 100,000 workers",Units,Undefined,E12000009,2510.0
2014/15,"Non-fatal injury (rate per 100,000 workers)",,,England,South West,,,"Averaged rate per 100,000 workers",Units,Undefined,E12000009,2150.0
2017/18,"Non-fatal injury (rate per 100,000 workers)",,,England,South West,,,"Averaged rate per 100,000 workers",Units,Undefined,E12000009,2190.0
2002/03,"Non-fatal injury (rate per 100,000 workers)",,,Wales,,,,"Averaged rate per 100,000 workers",Units,Undefined,W92000004,4100.0
2005/06,"Non-fatal injury (rate per 100,000 workers)",,,Wales,,,,"Averaged rate per 100,000 workers",Units,Undefined,W92000004,3100.0
2008/09,"Non-fatal injury (rate per 100,000 workers)",,,Wales,,,,"Averaged rate per 100,000 workers",Units,Undefined,W92000004,2990.0
2011/12,"Non-fatal injury (rate per 100,000 workers)",,,Wales,,,,"Averaged rate per 100,000 workers",Units,Undefined,W92000004,2290.0
2014/15,"Non-fatal injury (rate per 100,000 workers)",,,Wales,,,,"Averaged rate per 100,000 workers",Units,Undefined,W92000004,2680.0
2017/18,"Non-fatal injury (rate per 100,000 workers)",,,Wales,,,,"Averaged rate per 100,000 workers",Units,Undefined,W92000004,2140.0
2002/03,"Non-fatal injury (rate per 100,000 workers)",,,Scotland,,,,"Averaged rate per 100,000 workers",Units,Undefined,S92000003,3550.0
2005/06,"Non-fatal injury (rate per 100,000 workers)",,,Scotland,,,,"Averaged rate per 100,000 workers",Units,Undefined,S92000003,3250.0
2008/09,"Non-fatal injury (rate per 100,000 workers)",,,Scotland,,,,"Averaged rate per 100,000 workers",Units,Undefined,S92000003,2480.0
2011/12,"Non-fatal injury (rate per 100,000 workers)",,,Scotland,,,,"Averaged rate per 100,000 workers",Units,Undefined,S92000003,1940.0
2014/15,"Non-fatal injury (rate per 100,000 workers)",,,Scotland,,,,"Averaged rate per 100,000 workers",Units,Undefined,S92000003,1960.0
2017/18,"Non-fatal injury (rate per 100,000 workers)",,,Scotland,,,,"Averaged rate per 100,000 workers",Units,Undefined,S92000003,1660.0
2002/03,"Non-fatal injury (rate per 100,000 workers)",,16 to 24 #,,,,,"Averaged rate per 100,000 workers",Units,Undefined,,4200.0
2005/06,"Non-fatal injury (rate per 100,000 workers)",,16 to 24 #,,,,,"Averaged rate per 100,000 workers",Units,Undefined,,3650.0
2008/09,"Non-fatal injury (rate per 100,000 workers)",,16 to 24 #,,,,,"Averaged rate per 100,000 workers",Units,Undefined,,3050.0
2011/12,"Non-fatal injury (rate per 100,000 workers)",,16 to 24 #,,,,,"Averaged rate per 100,000 workers",Units,Undefined,,2400.0
2014/15,"Non-fatal injury (rate per 100,000 workers)",,16 to 24 #,,,,,"Averaged rate per 100,000 workers",Units,Undefined,,2230.0
2017/18,"Non-fatal injury (rate per 100,000 workers)",,16 to 24 #,,,,,"Averaged rate per 100,000 workers",Units,Undefined,,2020.0
2002/03,"Non-fatal injury (rate per 100,000 workers)",,25 to 34,,,,,"Averaged rate per 100,000 workers",Units,Undefined,,3880.0
2005/06,"Non-fatal injury (rate per 100,000 workers)",,25 to 34,,,,,"Averaged rate per 100,000 workers",Units,Undefined,,3120.0
2008/09,"Non-fatal injury (rate per 100,000 workers)",,25 to 34,,,,,"Averaged rate per 100,000 workers",Units,Undefined,,2470.0
2011/12,"Non-fatal injury (rate per 100,000 workers)",,25 to 34,,,,,"Averaged rate per 100,000 workers",Units,Undefined,,2210.0
2014/15,"Non-fatal injury (rate per 100,000 workers)",,25 to 34,,,,,"Averaged rate per 100,000 workers",Units,Undefined,,1970.0
2017/18,"Non-fatal injury (rate per 100,000 workers)",,25 to 34,,,,,"Averaged rate per 100,000 workers",Units,Undefined,,1970.0
2002/03,"Non-fatal injury (rate per 100,000 workers)",,35 to 44,,,,,"Averaged rate per 100,000 workers",Units,Undefined,,3610.0
2005/06,"Non-fatal injury (rate per 100,000 workers)",,35 to 44,,,,,"Averaged rate per 100,000 workers",Units,Undefined,,2960.0
2008/09,"Non-fatal injury (rate per 100,000 workers)",,35 to 44,,,,,"Averaged rate per 100,000 workers",Units,Undefined,,2630.0
2011/12,"Non-fatal injury (rate per 100,000 workers)",,35 to 44,,,,,"Averaged rate per 100,000 workers",Units,Undefined,,2100.0
2014/15,"Non-fatal injury (rate per 100,000 workers)",,35 to 44,,,,,"Averaged rate per 100,000 workers",Units,Undefined,,1800.0
2017/18,"Non-fatal injury (rate per 100,000 workers)",,35 to 44,,,,,"Averaged rate per 100,000 workers",Units,Undefined,,1600.0
2002/03,"Non-fatal injury (rate per 100,000 workers)",,45 to 54,,,,,"Averaged rate per 100,000 workers",Units,Undefined,,3420.0
2005/06,"Non-fatal injury (rate per 100,000 workers)",,45 to 54,,,,,"Averaged rate per 100,000 workers",Units,Undefined,,3110.0
2008/09,"Non-fatal injury (rate per 100,000 workers)",,45 to 54,,,,,"Averaged rate per 100,000 workers",Units,Undefined,,2820.0
2011/12,"Non-fatal injury (rate per 100,000 workers)",,45 to 54,,,,,"Averaged rate per 100,000 workers",Units,Undefined,,2010.0
2014/15,"Non-fatal injury (rate per 100,000 workers)",,45 to 54,,,,,"Averaged rate per 100,000 workers",Units,Undefined,,2220.0
2017/18,"Non-fatal injury (rate per 100,000 workers)",,45 to 54,,,,,"Averaged rate per 100,000 workers",Units,Undefined,,1870.0
2002/03,"Non-fatal injury (rate per 100,000 workers)",,55 and over #,,,,,"Averaged rate per 100,000 workers",Units,Undefined,,3410.0
2005/06,"Non-fatal injury (rate per 100,000 workers)",,55 and over #,,,,,"Averaged rate per 100,000 workers",Units,Undefined,,2890.0
2008/09,"Non-fatal injury (rate per 100,000 workers)",,55 and over #,,,,,"Averaged rate per 100,000 workers",Units,Undefined,,2470.0
2011/12,"Non-fatal injury (rate per 100,000 workers)",,55 and over #,,,,,"Averaged rate per 100,000 workers",Units,Undefined,,2170.0
2014/15,"Non-fatal injury (rate per 100,000 workers)",,55 and over #,,,,,"Averaged rate per 100,000 workers",Units,Undefined,,2170.0
2017/18,"Non-fatal injury (rate per 100,000 workers)",,55 and over #,,,,,"Averaged rate per 100,000 workers",Units,Undefined,,1890.0
2002/03,"Non-fatal injury (rate per 100,000 workers)",Male,,,,,,"Averaged rate per 100,000 workers",Units,Undefined,,4500.0
2005/06,"Non-fatal injury (rate per 100,000 workers)",Male,,,,,,"Averaged rate per 100,000 workers",Units,Undefined,,3730.0
2008/09,"Non-fatal injury (rate per 100,000 workers)",Male,,,,,,"Averaged rate per 100,000 workers",Units,Undefined,,3120.0
2011/12,"Non-fatal injury (rate per 100,000 workers)",Male,,,,,,"Averaged rate per 100,000 workers",Units,Undefined,,2480.0
2014/15,"Non-fatal injury (rate per 100,000 workers)",Male,,,,,,"Averaged rate per 100,000 workers",Units,Undefined,,2390.0
2017/18,"Non-fatal injury (rate per 100,000 workers)",Male,,,,,,"Averaged rate per 100,000 workers",Units,Undefined,,2170.0
2002/03,"Non-fatal injury (rate per 100,000 workers)",Female,,,,,,"Averaged rate per 100,000 workers",Units,Undefined,,2730.0
2005/06,"Non-fatal injury (rate per 100,000 workers)",Female,,,,,,"Averaged rate per 100,000 workers",Units,Undefined,,2400.0
2008/09,"Non-fatal injury (rate per 100,000 workers)",Female,,,,,,"Averaged rate per 100,000 workers",Units,Undefined,,2150.0
2011/12,"Non-fatal injury (rate per 100,000 workers)",Female,,,,,,"Averaged rate per 100,000 workers",Units,Undefined,,1780.0
2014/15,"Non-fatal injury (rate per 100,000 workers)",Female,,,,,,"Averaged rate per 100,000 workers",Units,Undefined,,1690.0
2017/18,"Non-fatal injury (rate per 100,000 workers)",Female,,,,,,"Averaged rate per 100,000 workers",Units,Undefined,,1500.0
2002/03,"Non-fatal injury (rate per 100,000 workers)",,,,,"Agriculture, forestry and fishing",,"Averaged rate per 100,000 workers",Units,Undefined,,4980.0
2005/06,"Non-fatal injury (rate per 100,000 workers)",,,,,"Agriculture, forestry and fishing",,"Averaged rate per 100,000 workers",Units,Undefined,,5360.0
2008/09,"Non-fatal injury (rate per 100,000 workers)",,,,,"Agriculture, forestry and fishing",,"Averaged rate per 100,000 workers",Units,Undefined,,5090.0
2011/12,"Non-fatal injury (rate per 100,000 workers)",,,,,"Agriculture, forestry and fishing",,"Averaged rate per 100,000 workers",Units,Undefined,,3840.0
2014/15,"Non-fatal injury (rate per 100,000 workers)",,,,,"Agriculture, forestry and fishing",,"Averaged rate per 100,000 workers",Units,Undefined,,4380.0
2017/18,"Non-fatal injury (rate per 100,000 workers)",,,,,"Agriculture, forestry and fishing",,"Averaged rate per 100,000 workers",Units,Undefined,,4110.0
2002/03,"Non-fatal injury (rate per 100,000 workers)",,,,,Mining and quarrying,,"Averaged rate per 100,000 workers",Units,Undefined,,5340.0
2002/03,"Non-fatal injury (rate per 100,000 workers)",,,,,Manufacturing,,"Averaged rate per 100,000 workers",Units,Undefined,,4620.0
2005/06,"Non-fatal injury (rate per 100,000 workers)",,,,,Manufacturing,,"Averaged rate per 100,000 workers",Units,Undefined,,3710.0
2008/09,"Non-fatal injury (rate per 100,000 workers)",,,,,Manufacturing,,"Averaged rate per 100,000 workers",Units,Undefined,,2930.0
2011/12,"Non-fatal injury (rate per 100,000 workers)",,,,,Manufacturing,,"Averaged rate per 100,000 workers",Units,Undefined,,2580.0
2014/15,"Non-fatal injury (rate per 100,000 workers)",,,,,Manufacturing,,"Averaged rate per 100,000 workers",Units,Undefined,,2270.0
2017/18,"Non-fatal injury (rate per 100,000 workers)",,,,,Manufacturing,,"Averaged rate per 100,000 workers",Units,Undefined,,2130.0
2002/03,"Non-fatal injury (rate per 100,000 workers)",,,,,"Electricity, gas, steam and air conditioning supply #",,"Averaged rate per 100,000 workers",Units,Undefined,,2750.0
2008/09,"Non-fatal injury (rate per 100,000 workers)",,,,,"Electricity, gas, steam and air conditioning supply #",,"Averaged rate per 100,000 workers",Units,Undefined,,3010.0
2002/03,"Non-fatal injury (rate per 100,000 workers)",,,,,"Water supply; sewerage, waste management and remediation activities #",,"Averaged rate per 100,000 workers",Units,Undefined,,6390.0
2005/06,"Non-fatal injury (rate per 100,000 workers)",,,,,"Water supply; sewerage, waste management and remediation activities #",,"Averaged rate per 100,000 workers",Units,Undefined,,5490.0
2008/09,"Non-fatal injury (rate per 100,000 workers)",,,,,"Water supply; sewerage, waste management and remediation activities #",,"Averaged rate per 100,000 workers",Units,Undefined,,4210.0
2011/12,"Non-fatal injury (rate per 100,000 workers)",,,,,"Water supply; sewerage, waste management and remediation activities #",,"Averaged rate per 100,000 workers",Units,Undefined,,2680.0
2002/03,"Non-fatal injury (rate per 100,000 workers)",,,,,Construction,,"Averaged rate per 100,000 workers",Units,Undefined,,5070.0
2005/06,"Non-fatal injury (rate per 100,000 workers)",,,,,Construction,,"Averaged rate per 100,000 workers",Units,Undefined,,4030.0
2008/09,"Non-fatal injury (rate per 100,000 workers)",,,,,Construction,,"Averaged rate per 100,000 workers",Units,Undefined,,3730.0
2011/12,"Non-fatal injury (rate per 100,000 workers)",,,,,Construction,,"Averaged rate per 100,000 workers",Units,Undefined,,2940.0
2014/15,"Non-fatal injury (rate per 100,000 workers)",,,,,Construction,,"Averaged rate per 100,000 workers",Units,Undefined,,3050.0
2017/18,"Non-fatal injury (rate per 100,000 workers)",,,,,Construction,,"Averaged rate per 100,000 workers",Units,Undefined,,2420.0
2002/03,"Non-fatal injury (rate per 100,000 workers)",,,,,Wholesale and retail trade; repair of motor vehicles and motorcycles #,,"Averaged rate per 100,000 workers",Units,Undefined,,3200.0
2005/06,"Non-fatal injury (rate per 100,000 workers)",,,,,Wholesale and retail trade; repair of motor vehicles and motorcycles #,,"Averaged rate per 100,000 workers",Units,Undefined,,3050.0
2008/09,"Non-fatal injury (rate per 100,000 workers)",,,,,Wholesale and retail trade; repair of motor vehicles and motorcycles #,,"Averaged rate per 100,000 workers",Units,Undefined,,2600.0
2011/12,"Non-fatal injury (rate per 100,000 workers)",,,,,Wholesale and retail trade; repair of motor vehicles and motorcycles #,,"Averaged rate per 100,000 workers",Units,Undefined,,2140.0
2014/15,"Non-fatal injury (rate per 100,000 workers)",,,,,Wholesale and retail trade; repair of motor vehicles and motorcycles #,,"Averaged rate per 100,000 workers",Units,Undefined,,2200.0
2017/18,"Non-fatal injury (rate per 100,000 workers)",,,,,Wholesale and retail trade; repair of motor vehicles and motorcycles #,,"Averaged rate per 100,000 workers",Units,Undefined,,2220.0
2002/03,"Non-fatal injury (rate per 100,000 workers)",,,,,Transportation and storage #,,"Averaged rate per 100,000 workers",Units,Undefined,,4450.0
2005/06,"Non-fatal injury (rate per 100,000 workers)",,,,,Transportation and storage #,,"Averaged rate per 100,000 workers",Units,Undefined,,3700.0
2008/09,"Non-fatal injury (rate per 100,000 workers)",,,,,Transportation and storage #,,"Averaged rate per 100,000 workers",Units,Undefined,,3700.0
2011/12,"Non-fatal injury (rate per 100,000 workers)",,,,,Transportation and storage #,,"Averaged rate per 100,000 workers",Units,Undefined,,2870.0
2014/15,"Non-fatal injury (rate per 100,000 workers)",,,,,Transportation and storage #,,"Averaged rate per 100,000 workers",Units,Undefined,,2500.0
2017/18,"Non-fatal injury (rate per 100,000 workers)",,,,,Transportation and storage #,,"Averaged rate per 100,000 workers",Units,Undefined,,1860.0
2002/03,"Non-fatal injury (rate per 100,000 workers)",,,,,Accommodation and food service activities #,,"Averaged rate per 100,000 workers",Units,Undefined,,4310.0
2005/06,"Non-fatal injury (rate per 100,000 workers)",,,,,Accommodation and food service activities #,,"Averaged rate per 100,000 workers",Units,Undefined,,3870.0
2008/09,"Non-fatal injury (rate per 100,000 workers)",,,,,Accommodation and food service activities #,,"Averaged rate per 100,000 workers",Units,Undefined,,3120.0
2011/12,"Non-fatal injury (rate per 100,000 workers)",,,,,Accommodation and food service activities #,,"Averaged rate per 100,000 workers",Units,Undefined,,2650.0
2014/15,"Non-fatal injury (rate per 100,000 workers)",,,,,Accommodation and food service activities #,,"Averaged rate per 100,000 workers",Units,Undefined,,2570.0
2017/18,"Non-fatal injury (rate per 100,000 workers)",,,,,Accommodation and food service activities #,,"Averaged rate per 100,000 workers",Units,Undefined,,2250.0
2002/03,"Non-fatal injury (rate per 100,000 workers)",,,,,Information and communication #,,"Averaged rate per 100,000 workers",Units,Undefined,,1320.0
2005/06,"Non-fatal injury (rate per 100,000 workers)",,,,,Information and communication #,,"Averaged rate per 100,000 workers",Units,Undefined,,970.0
2008/09,"Non-fatal injury (rate per 100,000 workers)",,,,,Information and communication #,,"Averaged rate per 100,000 workers",Units,Undefined,,750.0
2011/12,"Non-fatal injury (rate per 100,000 workers)",,,,,Information and communication #,,"Averaged rate per 100,000 workers",Units,Undefined,,720.0
2014/15,"Non-fatal injury (rate per 100,000 workers)",,,,,Information and communication #,,"Averaged rate per 100,000 workers",Units,Undefined,,580.0
2002/03,"Non-fatal injury (rate per 100,000 workers)",,,,,Financial and insurance activities #,,"Averaged rate per 100,000 workers",Units,Undefined,,890.0
2005/06,"Non-fatal injury (rate per 100,000 workers)",,,,,Financial and insurance activities #,,"Averaged rate per 100,000 workers",Units,Undefined,,800.0
2008/09,"Non-fatal injury (rate per 100,000 workers)",,,,,Financial and insurance activities #,,"Averaged rate per 100,000 workers",Units,Undefined,,560.0
2014/15,"Non-fatal injury (rate per 100,000 workers)",,,,,Financial and insurance activities #,,"Averaged rate per 100,000 workers",Units,Undefined,,480.0
2002/03,"Non-fatal injury (rate per 100,000 workers)",,,,,Real estate activities #,,"Averaged rate per 100,000 workers",Units,Undefined,,1750.0
2002/03,"Non-fatal injury (rate per 100,000 workers)",,,,,"Professional, scientific and technical activities #",,"Averaged rate per 100,000 workers",Units,Undefined,,1180.0
2005/06,"Non-fatal injury (rate per 100,000 workers)",,,,,"Professional, scientific and technical activities #",,"Averaged rate per 100,000 workers",Units,Undefined,,1060.0
2008/09,"Non-fatal injury (rate per 100,000 workers)",,,,,"Professional, scientific and technical activities #",,"Averaged rate per 100,000 workers",Units,Undefined,,920.0
2011/12,"Non-fatal injury (rate per 100,000 workers)",,,,,"Professional, scientific and technical activities #",,"Averaged rate per 100,000 workers",Units,Undefined,,780.0
2014/15,"Non-fatal injury (rate per 100,000 workers)",,,,,"Professional, scientific and technical activities #",,"Averaged rate per 100,000 workers",Units,Undefined,,870.0
2017/18,"Non-fatal injury (rate per 100,000 workers)",,,,,"Professional, scientific and technical activities #",,"Averaged rate per 100,000 workers",Units,Undefined,,720.0
2002/03,"Non-fatal injury (rate per 100,000 workers)",,,,,Administrative and support service activities #,,"Averaged rate per 100,000 workers",Units,Undefined,,2820.0
2005/06,"Non-fatal injury (rate per 100,000 workers)",,,,,Administrative and support service activities #,,"Averaged rate per 100,000 workers",Units,Undefined,,2580.0
2008/09,"Non-fatal injury (rate per 100,000 workers)",,,,,Administrative and support service activities #,,"Averaged rate per 100,000 workers",Units,Undefined,,2420.0
2011/12,"Non-fatal injury (rate per 100,000 workers)",,,,,Administrative and support service activities #,,"Averaged rate per 100,000 workers",Units,Undefined,,1550.0
2014/15,"Non-fatal injury (rate per 100,000 workers)",,,,,Administrative and support service activities #,,"Averaged rate per 100,000 workers",Units,Undefined,,1670.0
2017/18,"Non-fatal injury (rate per 100,000 workers)",,,,,Administrative and support service activities #,,"Averaged rate per 100,000 workers",Units,Undefined,,1390.0
2002/03,"Non-fatal injury (rate per 100,000 workers)",,,,,Public administration and defence; compulsory social security #,,"Averaged rate per 100,000 workers",Units,Undefined,,3370.0
2005/06,"Non-fatal injury (rate per 100,000 workers)",,,,,Public administration and defence; compulsory social security #,,"Averaged rate per 100,000 workers",Units,Undefined,,3020.0
2008/09,"Non-fatal injury (rate per 100,000 workers)",,,,,Public administration and defence; compulsory social security #,,"Averaged rate per 100,000 workers",Units,Undefined,,2760.0
2011/12,"Non-fatal injury (rate per 100,000 workers)",,,,,Public administration and defence; compulsory social security #,,"Averaged rate per 100,000 workers",Units,Undefined,,2170.0
2014/15,"Non-fatal injury (rate per 100,000 workers)",,,,,Public administration and defence; compulsory social security #,,"Averaged rate per 100,000 workers",Units,Undefined,,2130.0
2017/18,"Non-fatal injury (rate per 100,000 workers)",,,,,Public administration and defence; compulsory social security #,,"Averaged rate per 100,000 workers",Units,Undefined,,2170.0
2002/03,"Non-fatal injury (rate per 100,000 workers)",,,,,Education #,,"Averaged rate per 100,000 workers",Units,Undefined,,2610.0
2005/06,"Non-fatal injury (rate per 100,000 workers)",,,,,Education #,,"Averaged rate per 100,000 workers",Units,Undefined,,2220.0
2008/09,"Non-fatal injury (rate per 100,000 workers)",,,,,Education #,,"Averaged rate per 100,000 workers",Units,Undefined,,1960.0
2011/12,"Non-fatal injury (rate per 100,000 workers)",,,,,Education #,,"Averaged rate per 100,000 workers",Units,Undefined,,1650.0
2014/15,"Non-fatal injury (rate per 100,000 workers)",,,,,Education #,,"Averaged rate per 100,000 workers",Units,Undefined,,1680.0
2017/18,"Non-fatal injury (rate per 100,000 workers)",,,,,Education #,,"Averaged rate per 100,000 workers",Units,Undefined,,1540.0
2002/03,"Non-fatal injury (rate per 100,000 workers)",,,,,Human health and social work activities #,,"Averaged rate per 100,000 workers",Units,Undefined,,3450.0
2005/06,"Non-fatal injury (rate per 100,000 workers)",,,,,Human health and social work activities #,,"Averaged rate per 100,000 workers",Units,Undefined,,2890.0
2008/09,"Non-fatal injury (rate per 100,000 workers)",,,,,Human health and social work activities #,,"Averaged rate per 100,000 workers",Units,Undefined,,2750.0
2011/12,"Non-fatal injury (rate per 100,000 workers)",,,,,Human health and social work activities #,,"Averaged rate per 100,000 workers",Units,Undefined,,2330.0
2014/15,"Non-fatal injury (rate per 100,000 workers)",,,,,Human health and social work activities #,,"Averaged rate per 100,000 workers",Units,Undefined,,1950.0
2017/18,"Non-fatal injury (rate per 100,000 workers)",,,,,Human health and social work activities #,,"Averaged rate per 100,000 workers",Units,Undefined,,1790.0
2002/03,"Non-fatal injury (rate per 100,000 workers)",,,,,"Arts, entertainment and recreation #",,"Averaged rate per 100,000 workers",Units,Undefined,,3670.0
2005/06,"Non-fatal injury (rate per 100,000 workers)",,,,,"Arts, entertainment and recreation #",,"Averaged rate per 100,000 workers",Units,Undefined,,3470.0
2008/09,"Non-fatal injury (rate per 100,000 workers)",,,,,"Arts, entertainment and recreation #",,"Averaged rate per 100,000 workers",Units,Undefined,,2710.0
2011/12,"Non-fatal injury (rate per 100,000 workers)",,,,,"Arts, entertainment and recreation #",,"Averaged rate per 100,000 workers",Units,Undefined,,2260.0
2014/15,"Non-fatal injury (rate per 100,000 workers)",,,,,"Arts, entertainment and recreation #",,"Averaged rate per 100,000 workers",Units,Undefined,,1960.0
2017/18,"Non-fatal injury (rate per 100,000 workers)",,,,,"Arts, entertainment and recreation #",,"Averaged rate per 100,000 workers",Units,Undefined,,1540.0
2002/03,"Non-fatal injury (rate per 100,000 workers)",,,,,Other service activities #,,"Averaged rate per 100,000 workers",Units,Undefined,,2240.0
2005/06,"Non-fatal injury (rate per 100,000 workers)",,,,,Other service activities #,,"Averaged rate per 100,000 workers",Units,Undefined,,1840.0
2008/09,"Non-fatal injury (rate per 100,000 workers)",,,,,Other service activities #,,"Averaged rate per 100,000 workers",Units,Undefined,,1830.0
2011/12,"Non-fatal injury (rate per 100,000 workers)",,,,,Other service activities #,,"Averaged rate per 100,000 workers",Units,Undefined,,1160.0
2014/15,"Non-fatal injury (rate per 100,000 workers)",,,,,Other service activities #,,"Averaged rate per 100,000 workers",Units,Undefined,,1420.0
2017/18,"Non-fatal injury (rate per 100,000 workers)",,,,,Other service activities #,,"Averaged rate per 100,000 workers",Units,Undefined,,950.0
2002/03,"Non-fatal injury (rate per 100,000 workers)",,,,,Activities of households as employers; undifferentiated goods-and services-producing activities of households for own use #,,"Averaged rate per 100,000 workers",Units,Undefined,,3830.0
2005/06,"Non-fatal injury (rate per 100,000 workers)",,,,,Activities of households as employers; undifferentiated goods-and services-producing activities of households for own use #,,"Averaged rate per 100,000 workers",Units,Undefined,,3990.0
2002/03,"Non-fatal injury (rate per 100,000 workers)",,,,,,"Managers, directors and senior officials","Averaged rate per 100,000 workers",Units,Undefined,,2200.0
2005/06,"Non-fatal injury (rate per 100,000 workers)",,,,,,"Managers, directors and senior officials","Averaged rate per 100,000 workers",Units,Undefined,,1720.0
2008/09,"Non-fatal injury (rate per 100,000 workers)",,,,,,"Managers, directors and senior officials","Averaged rate per 100,000 workers",Units,Undefined,,1570.0
2011/12,"Non-fatal injury (rate per 100,000 workers)",,,,,,"Managers, directors and senior officials","Averaged rate per 100,000 workers",Units,Undefined,,1200.0
2014/15,"Non-fatal injury (rate per 100,000 workers)",,,,,,"Managers, directors and senior officials","Averaged rate per 100,000 workers",Units,Undefined,,1240.0
2017/18,"Non-fatal injury (rate per 100,000 workers)",,,,,,"Managers, directors and senior officials","Averaged rate per 100,000 workers",Units,Undefined,,930.0
2002/03,"Non-fatal injury (rate per 100,000 workers)",,,,,,Professional occupations,"Averaged rate per 100,000 workers",Units,Undefined,,2050.0
2005/06,"Non-fatal injury (rate per 100,000 workers)",,,,,,Professional occupations,"Averaged rate per 100,000 workers",Units,Undefined,,1700.0
2008/09,"Non-fatal injury (rate per 100,000 workers)",,,,,,Professional occupations,"Averaged rate per 100,000 workers",Units,Undefined,,1590.0
2011/12,"Non-fatal injury (rate per 100,000 workers)",,,,,,Professional occupations,"Averaged rate per 100,000 workers",Units,Undefined,,1250.0
2014/15,"Non-fatal injury (rate per 100,000 workers)",,,,,,Professional occupations,"Averaged rate per 100,000 workers",Units,Undefined,,990.0
2017/18,"Non-fatal injury (rate per 100,000 workers)",,,,,,Professional occupations,"Averaged rate per 100,000 workers",Units,Undefined,,950.0
2002/03,"Non-fatal injury (rate per 100,000 workers)",,,,,,Associate professional and technical occupations,"Averaged rate per 100,000 workers",Units,Undefined,,2550.0
2005/06,"Non-fatal injury (rate per 100,000 workers)",,,,,,Associate professional and technical occupations,"Averaged rate per 100,000 workers",Units,Undefined,,2200.0
2008/09,"Non-fatal injury (rate per 100,000 workers)",,,,,,Associate professional and technical occupations,"Averaged rate per 100,000 workers",Units,Undefined,,2090.0
2011/12,"Non-fatal injury (rate per 100,000 workers)",,,,,,Associate professional and technical occupations,"Averaged rate per 100,000 workers",Units,Undefined,,1800.0
2014/15,"Non-fatal injury (rate per 100,000 workers)",,,,,,Associate professional and technical occupations,"Averaged rate per 100,000 workers",Units,Undefined,,1560.0
2017/18,"Non-fatal injury (rate per 100,000 workers)",,,,,,Associate professional and technical occupations,"Averaged rate per 100,000 workers",Units,Undefined,,1590.0
2002/03,"Non-fatal injury (rate per 100,000 workers)",,,,,,Administrative and secretarial occupations,"Averaged rate per 100,000 workers",Units,Undefined,,1130.0
2005/06,"Non-fatal injury (rate per 100,000 workers)",,,,,,Administrative and secretarial occupations,"Averaged rate per 100,000 workers",Units,Undefined,,1050.0
2008/09,"Non-fatal injury (rate per 100,000 workers)",,,,,,Administrative and secretarial occupations,"Averaged rate per 100,000 workers",Units,Undefined,,1030.0
2011/12,"Non-fatal injury (rate per 100,000 workers)",,,,,,Administrative and secretarial occupations,"Averaged rate per 100,000 workers",Units,Undefined,,830.0
2014/15,"Non-fatal injury (rate per 100,000 workers)",,,,,,Administrative and secretarial occupations,"Averaged rate per 100,000 workers",Units,Undefined,,640.0
2017/18,"Non-fatal injury (rate per 100,000 workers)",,,,,,Administrative and secretarial occupations,"Averaged rate per 100,000 workers",Units,Undefined,,790.0
2002/03,"Non-fatal injury (rate per 100,000 workers)",,,,,,Skilled trades occupations,"Averaged rate per 100,000 workers",Units,Undefined,,6700.0
2005/06,"Non-fatal injury (rate per 100,000 workers)",,,,,,Skilled trades occupations,"Averaged rate per 100,000 workers",Units,Undefined,,5950.0
2008/09,"Non-fatal injury (rate per 100,000 workers)",,,,,,Skilled trades occupations,"Averaged rate per 100,000 workers",Units,Undefined,,5020.0
2011/12,"Non-fatal injury (rate per 100,000 workers)",,,,,,Skilled trades occupations,"Averaged rate per 100,000 workers",Units,Undefined,,4040.0
2014/15,"Non-fatal injury (rate per 100,000 workers)",,,,,,Skilled trades occupations,"Averaged rate per 100,000 workers",Units,Undefined,,4090.0
2017/18,"Non-fatal injury (rate per 100,000 workers)",,,,,,Skilled trades occupations,"Averaged rate per 100,000 workers",Units,Undefined,,3650.0
2002/03,"Non-fatal injury (rate per 100,000 workers)",,,,,,"Caring, leisure and other service occupations","Averaged rate per 100,000 workers",Units,Undefined,,3730.0
2005/06,"Non-fatal injury (rate per 100,000 workers)",,,,,,"Caring, leisure and other service occupations","Averaged rate per 100,000 workers",Units,Undefined,,3520.0
2008/09,"Non-fatal injury (rate per 100,000 workers)",,,,,,"Caring, leisure and other service occupations","Averaged rate per 100,000 workers",Units,Undefined,,3230.0
2011/12,"Non-fatal injury (rate per 100,000 workers)",,,,,,"Caring, leisure and other service occupations","Averaged rate per 100,000 workers",Units,Undefined,,2640.0
2014/15,"Non-fatal injury (rate per 100,000 workers)",,,,,,"Caring, leisure and other service occupations","Averaged rate per 100,000 workers",Units,Undefined,,2490.0
2017/18,"Non-fatal injury (rate per 100,000 workers)",,,,,,"Caring, leisure and other service occupations","Averaged rate per 100,000 workers",Units,Undefined,,2210.0
2002/03,"Non-fatal injury (rate per 100,000 workers)",,,,,,Sales and customer service occupations,"Averaged rate per 100,000 workers",Units,Undefined,,2250.0
2005/06,"Non-fatal injury (rate per 100,000 workers)",,,,,,Sales and customer service occupations,"Averaged rate per 100,000 workers",Units,Undefined,,2240.0
2008/09,"Non-fatal injury (rate per 100,000 workers)",,,,,,Sales and customer service occupations,"Averaged rate per 100,000 workers",Units,Undefined,,1890.0
2011/12,"Non-fatal injury (rate per 100,000 workers)",,,,,,Sales and customer service occupations,"Averaged rate per 100,000 workers",Units,Undefined,,1550.0
2014/15,"Non-fatal injury (rate per 100,000 workers)",,,,,,Sales and customer service occupations,"Averaged rate per 100,000 workers",Units,Undefined,,1700.0
2017/18,"Non-fatal injury (rate per 100,000 workers)",,,,,,Sales and customer service occupations,"Averaged rate per 100,000 workers",Units,Undefined,,1440.0
2002/03,"Non-fatal injury (rate per 100,000 workers)",,,,,,"Process, plant and machine operatives","Averaged rate per 100,000 workers",Units,Undefined,,6200.0
2005/06,"Non-fatal injury (rate per 100,000 workers)",,,,,,"Process, plant and machine operatives","Averaged rate per 100,000 workers",Units,Undefined,,4990.0
2008/09,"Non-fatal injury (rate per 100,000 workers)",,,,,,"Process, plant and machine operatives","Averaged rate per 100,000 workers",Units,Undefined,,4130.0
2011/12,"Non-fatal injury (rate per 100,000 workers)",,,,,,"Process, plant and machine operatives","Averaged rate per 100,000 workers",Units,Undefined,,3370.0
2014/15,"Non-fatal injury (rate per 100,000 workers)",,,,,,"Process, plant and machine operatives","Averaged rate per 100,000 workers",Units,Undefined,,3560.0
2017/18,"Non-fatal injury (rate per 100,000 workers)",,,,,,"Process, plant and machine operatives","Averaged rate per 100,000 workers",Units,Undefined,,2420.0
2002/03,"Non-fatal injury (rate per 100,000 workers)",,,,,,Elementary occupations,"Averaged rate per 100,000 workers",Units,Undefined,,4990.0
2005/06,"Non-fatal injury (rate per 100,000 workers)",,,,,,Elementary occupations,"Averaged rate per 100,000 workers",Units,Undefined,,4170.0
2008/09,"Non-fatal injury (rate per 100,000 workers)",,,,,,Elementary occupations,"Averaged rate per 100,000 workers",Units,Undefined,,3450.0
2011/12,"Non-fatal injury (rate per 100,000 workers)",,,,,,Elementary occupations,"Averaged rate per 100,000 workers",Units,Undefined,,2760.0
2014/15,"Non-fatal injury (rate per 100,000 workers)",,,,,,Elementary occupations,"Averaged rate per 100,000 workers",Units,Undefined,,2650.0
2017/18,"Non-fatal injury (rate per 100,000 workers)",,,,,,Elementary occupations,"Averaged rate per 100,000 workers",Units,Undefined,,2550.0
2018/19,"Fatal injury (rate per 100,000 workers)",Male,16 to 19 *,,,,,"Averaged rate per 100,000 workers",Units,Undefined,,0.19
2018/19,"Fatal injury (rate per 100,000 workers)",Male,20 to 24 *,,,,,"Averaged rate per 100,000 workers",Units,Undefined,,0.56
2018/19,"Fatal injury (rate per 100,000 workers)",Male,25 to 34,,,,,"Averaged rate per 100,000 workers",Units,Undefined,,0.48
2018/19,"Fatal injury (rate per 100,000 workers)",Male,35 to 44,,,,,"Averaged rate per 100,000 workers",Units,Undefined,,0.7
2018/19,"Fatal injury (rate per 100,000 workers)",Male,45 to 54,,,,,"Averaged rate per 100,000 workers",Units,Undefined,,0.89
2018/19,"Fatal injury (rate per 100,000 workers)",Male,55 to 59 *,,,,,"Averaged rate per 100,000 workers",Units,Undefined,,0.78
2018/19,"Fatal injury (rate per 100,000 workers)",Male,60 to 64 *,,,,,"Averaged rate per 100,000 workers",Units,Undefined,,1.39
2018/19,"Fatal injury (rate per 100,000 workers)",Male,65 and over *,,,,,"Averaged rate per 100,000 workers",Units,Undefined,,2.65
2018/19,"Fatal injury (rate per 100,000 workers)",Female,16 to 19 *,,,,,"Averaged rate per 100,000 workers",Units,Undefined,,0.0
2018/19,"Fatal injury (rate per 100,000 workers)",Female,20 to 24 *,,,,,"Averaged rate per 100,000 workers",Units,Undefined,,0.08
2018/19,"Fatal injury (rate per 100,000 workers)",Female,35 to 44,,,,,"Averaged rate per 100,000 workers",Units,Undefined,,0.06
2018/19,"Fatal injury (rate per 100,000 workers)",Female,25 to 34,,,,,"Averaged rate per 100,000 workers",Units,Undefined,,0.0
2018/19,"Fatal injury (rate per 100,000 workers)",Female,45 to 54,,,,,"Averaged rate per 100,000 workers",Units,Undefined,,0.05
2018/19,"Fatal injury (rate per 100,000 workers)",Female,55 to 59 *,,,,,"Averaged rate per 100,000 workers",Units,Undefined,,0.0
2018/19,"Fatal injury (rate per 100,000 workers)",Female,60 to 64 *,,,,,"Averaged rate per 100,000 workers",Units,Undefined,,0.22
2018/19,"Fatal injury (rate per 100,000 workers)",Female,65 and over *,,,,,"Averaged rate per 100,000 workers",Units,Undefined,,0.0
2017/18,"Fatal injury (rate per 100,000 workers)",Male,16 to 19 *,,,,,"Rate per 100,000 workers",Units,Undefined,,0.19
2017/18,"Fatal injury (rate per 100,000 workers)",Male,20 to 24 *,,,,,"Rate per 100,000 workers",Units,Undefined,,0.48
2017/18,"Fatal injury (rate per 100,000 workers)",Male,25 to 34,,,,,"Rate per 100,000 workers",Units,Undefined,,0.43
2017/18,"Fatal injury (rate per 100,000 workers)",Male,35 to 44,,,,,"Rate per 100,000 workers",Units,Undefined,,0.56
2017/18,"Fatal injury (rate per 100,000 workers)",Male,45 to 54,,,,,"Rate per 100,000 workers",Units,Undefined,,0.53
2017/18,"Fatal injury (rate per 100,000 workers)",Male,55 to 59 *,,,,,"Rate per 100,000 workers",Units,Undefined,,0.94
2017/18,"Fatal injury (rate per 100,000 workers)",Male,60 to 64 *,,,,,"Rate per 100,000 workers",Units,Undefined,,2.32
2017/18,"Fatal injury (rate per 100,000 workers)",Male,65 and over *,,,,,"Rate per 100,000 workers",Units,Undefined,,3.73
2017/18,"Fatal injury (rate per 100,000 workers)",Female,16 to 19 *,,,,,"Rate per 100,000 workers",Units,Undefined,,0.0
2017/18,"Fatal injury (rate per 100,000 workers)",Female,20 to 24 *,,,,,"Rate per 100,000 workers",Units,Undefined,,0.07
2017/18,"Fatal injury (rate per 100,000 workers)",Female,25 to 34,,,,,"Rate per 100,000 workers",Units,Undefined,,0.0
2017/18,"Fatal injury (rate per 100,000 workers)",Female,35 to 44,,,,,"Rate per 100,000 workers",Units,Undefined,,0.0
2017/18,"Fatal injury (rate per 100,000 workers)",Female,45 to 54,,,,,"Rate per 100,000 workers",Units,Undefined,,0.03
2017/18,"Fatal injury (rate per 100,000 workers)",Female,55 to 59 *,,,,,"Rate per 100,000 workers",Units,Undefined,,0.07
2017/18,"Fatal injury (rate per 100,000 workers)",Female,60 to 64 *,,,,,"Rate per 100,000 workers",Units,Undefined,,0.0
2017/18,"Fatal injury (rate per 100,000 workers)",Female,65 and over *,,,,,"Rate per 100,000 workers",Units,Undefined,,0.42
2016/17,"Fatal injury (rate per 100,000 workers)",Male,16 to 19 *,,,,,"Rate per 100,000 workers",Units,Undefined,,0.4
2016/17,"Fatal injury (rate per 100,000 workers)",Male,20 to 24 *,,,,,"Rate per 100,000 workers",Units,Undefined,,0.62
2016/17,"Fatal injury (rate per 100,000 workers)",Male,25 to 34,,,,,"Rate per 100,000 workers",Units,Undefined,,0.41
2016/17,"Fatal injury (rate per 100,000 workers)",Male,35 to 44,,,,,"Rate per 100,000 workers",Units,Undefined,,0.71
2016/17,"Fatal injury (rate per 100,000 workers)",Male,45 to 54,,,,,"Rate per 100,000 workers",Units,Undefined,,0.53
2016/17,"Fatal injury (rate per 100,000 workers)",Male,55 to 59 *,,,,,"Rate per 100,000 workers",Units,Undefined,,1.35
2016/17,"Fatal injury (rate per 100,000 workers)",Male,60 to 64 *,,,,,"Rate per 100,000 workers",Units,Undefined,,1.17
2016/17,"Fatal injury (rate per 100,000 workers)",Male,65 and over *,,,,,"Rate per 100,000 workers",Units,Undefined,,3.03
2016/17,"Fatal injury (rate per 100,000 workers)",Female,16 to 19 *,,,,,"Rate per 100,000 workers",Units,Undefined,,0.0
2016/17,"Fatal injury (rate per 100,000 workers)",Female,20 to 24 *,,,,,"Rate per 100,000 workers",Units,Undefined,,0.0
2016/17,"Fatal injury (rate per 100,000 workers)",Female,25 to 34,,,,,"Rate per 100,000 workers",Units,Undefined,,0.0
2016/17,"Fatal injury (rate per 100,000 workers)",Female,35 to 44,,,,,"Rate per 100,000 workers",Units,Undefined,,0.03
2016/17,"Fatal injury (rate per 100,000 workers)",Female,45 to 54,,,,,"Rate per 100,000 workers",Units,Undefined,,0.03
2016/17,"Fatal injury (rate per 100,000 workers)",Female,55 to 59 *,,,,,"Rate per 100,000 workers",Units,Undefined,,0.07
2016/17,"Fatal injury (rate per 100,000 workers)",Female,60 to 64 *,,,,,"Rate per 100,000 workers",Units,Undefined,,0.0
2016/17,"Fatal injury (rate per 100,000 workers)",Female,65 and over *,,,,,"Rate per 100,000 workers",Units,Undefined,,0.21
2015/16,"Fatal injury (rate per 100,000 workers)",Male,16 to 19 *,,,,,"Rate per 100,000 workers",Units,Undefined,,0.38
2015/16,"Fatal injury (rate per 100,000 workers)",Male,20 to 24 *,,,,,"Rate per 100,000 workers",Units,Undefined,,0.4
2015/16,"Fatal injury (rate per 100,000 workers)",Male,25 to 34,,,,,"Rate per 100,000 workers",Units,Undefined,,0.52
2015/16,"Fatal injury (rate per 100,000 workers)",Male,35 to 44,,,,,"Rate per 100,000 workers",Units,Undefined,,0.73
2015/16,"Fatal injury (rate per 100,000 workers)",Male,45 to 54,,,,,"Rate per 100,000 workers",Units,Undefined,,0.87
2015/16,"Fatal injury (rate per 100,000 workers)",Male,55 to 59 *,,,,,"Rate per 100,000 workers",Units,Undefined,,1.0
2015/16,"Fatal injury (rate per 100,000 workers)",Male,60 to 64 *,,,,,"Rate per 100,000 workers",Units,Undefined,,1.61
2015/16,"Fatal injury (rate per 100,000 workers)",Male,65 and over *,,,,,"Rate per 100,000 workers",Units,Undefined,,2.83
2015/16,"Fatal injury (rate per 100,000 workers)",Female,16 to 19 *,,,,,"Rate per 100,000 workers",Units,Undefined,,0.0
2015/16,"Fatal injury (rate per 100,000 workers)",Female,20 to 24 *,,,,,"Rate per 100,000 workers",Units,Undefined,,0.0
2015/16,"Fatal injury (rate per 100,000 workers)",Female,25 to 34,,,,,"Rate per 100,000 workers",Units,Undefined,,0.0
2015/16,"Fatal injury (rate per 100,000 workers)",Female,35 to 44,,,,,"Rate per 100,000 workers",Units,Undefined,,0.03
2015/16,"Fatal injury (rate per 100,000 workers)",Female,45 to 54,,,,,"Rate per 100,000 workers",Units,Undefined,,0.05
2015/16,"Fatal injury (rate per 100,000 workers)",Female,55 to 59 *,,,,,"Rate per 100,000 workers",Units,Undefined,,0.0
2015/16,"Fatal injury (rate per 100,000 workers)",Female,60 to 64 *,,,,,"Rate per 100,000 workers",Units,Undefined,,0.13
2015/16,"Fatal injury (rate per 100,000 workers)",Female,65 and over *,,,,,"Rate per 100,000 workers",Units,Undefined,,0.22
2014/15,"Fatal injury (rate per 100,000 workers)",Male,16 to 19 *,,,,,"Rate per 100,000 workers",Units,Undefined,,1.03
2014/15,"Fatal injury (rate per 100,000 workers)",Male,20 to 24 *,,,,,"Rate per 100,000 workers",Units,Undefined,,0.64
2014/15,"Fatal injury (rate per 100,000 workers)",Male,25 to 34,,,,,"Rate per 100,000 workers",Units,Undefined,,0.67
2014/15,"Fatal injury (rate per 100,000 workers)",Male,35 to 44,,,,,"Rate per 100,000 workers",Units,Undefined,,0.49
2014/15,"Fatal injury (rate per 100,000 workers)",Male,45 to 54,,,,,"Rate per 100,000 workers",Units,Undefined,,0.62
2014/15,"Fatal injury (rate per 100,000 workers)",Male,55 to 59 *,,,,,"Rate per 100,000 workers",Units,Undefined,,0.89
2014/15,"Fatal injury (rate per 100,000 workers)",Male,60 to 64 *,,,,,"Rate per 100,000 workers",Units,Undefined,,1.25
2014/15,"Fatal injury (rate per 100,000 workers)",Male,65 and over *,,,,,"Rate per 100,000 workers",Units,Undefined,,3.44
2014/15,"Fatal injury (rate per 100,000 workers)",Female,16 to 19 *,,,,,"Rate per 100,000 workers",Units,Undefined,,0.0
2014/15,"Fatal injury (rate per 100,000 workers)",Female,20 to 24 *,,,,,"Rate per 100,000 workers",Units,Undefined,,0.0
2014/15,"Fatal injury (rate per 100,000 workers)",Female,25 to 34,,,,,"Rate per 100,000 workers",Units,Undefined,,0.0
2014/15,"Fatal injury (rate per 100,000 workers)",Female,35 to 44,,,,,"Rate per 100,000 workers",Units,Undefined,,0.03
2014/15,"Fatal injury (rate per 100,000 workers)",Female,45 to 54,,,,,"Rate per 100,000 workers",Units,Undefined,,0.05
2014/15,"Fatal injury (rate per 100,000 workers)",Female,55 to 59 *,,,,,"Rate per 100,000 workers",Units,Undefined,,0.0
2014/15,"Fatal injury (rate per 100,000 workers)",Female,60 to 64 *,,,,,"Rate per 100,000 workers",Units,Undefined,,0.28
2014/15,"Fatal injury (rate per 100,000 workers)",Female,65 and over *,,,,,"Rate per 100,000 workers",Units,Undefined,,0.44
2002/03,"Non-fatal injury (rate per 100,000 workers)",Male,16 to 24 #,,,,,"Averaged rate per 100,000 workers",Units,Undefined,,5280.0
2005/06,"Non-fatal injury (rate per 100,000 workers)",Male,16 to 24 #,,,,,"Averaged rate per 100,000 workers",Units,Undefined,,4580.0
2008/09,"Non-fatal injury (rate per 100,000 workers)",Male,16 to 24 #,,,,,"Averaged rate per 100,000 workers",Units,Undefined,,3620.0
2011/12,"Non-fatal injury (rate per 100,000 workers)",Male,16 to 24 #,,,,,"Averaged rate per 100,000 workers",Units,Undefined,,2570.0
2014/15,"Non-fatal injury (rate per 100,000 workers)",Male,16 to 24 #,,,,,"Averaged rate per 100,000 workers",Units,Undefined,,2650.0
2017/18,"Non-fatal injury (rate per 100,000 workers)",Male,16 to 24 #,,,,,"Averaged rate per 100,000 workers",Units,Undefined,,2620.0
2002/03,"Non-fatal injury (rate per 100,000 workers)",Male,25 to 34,,,,,"Averaged rate per 100,000 workers",Units,Undefined,,5150.0
2005/06,"Non-fatal injury (rate per 100,000 workers)",Male,25 to 34,,,,,"Averaged rate per 100,000 workers",Units,Undefined,,4110.0
2008/09,"Non-fatal injury (rate per 100,000 workers)",Male,25 to 34,,,,,"Averaged rate per 100,000 workers",Units,Undefined,,3090.0
2011/12,"Non-fatal injury (rate per 100,000 workers)",Male,25 to 34,,,,,"Averaged rate per 100,000 workers",Units,Undefined,,2660.0
2014/15,"Non-fatal injury (rate per 100,000 workers)",Male,25 to 34,,,,,"Averaged rate per 100,000 workers",Units,Undefined,,2400.0
2017/18,"Non-fatal injury (rate per 100,000 workers)",Male,25 to 34,,,,,"Averaged rate per 100,000 workers",Units,Undefined,,2300.0
2002/03,"Non-fatal injury (rate per 100,000 workers)",Male,35 to 44,,,,,"Averaged rate per 100,000 workers",Units,Undefined,,4570.0
2005/06,"Non-fatal injury (rate per 100,000 workers)",Male,35 to 44,,,,,"Averaged rate per 100,000 workers",Units,Undefined,,3630.0
2008/09,"Non-fatal injury (rate per 100,000 workers)",Male,35 to 44,,,,,"Averaged rate per 100,000 workers",Units,Undefined,,3280.0
2011/12,"Non-fatal injury (rate per 100,000 workers)",Male,35 to 44,,,,,"Averaged rate per 100,000 workers",Units,Undefined,,2560.0
2014/15,"Non-fatal injury (rate per 100,000 workers)",Male,35 to 44,,,,,"Averaged rate per 100,000 workers",Units,Undefined,,2210.0
2017/18,"Non-fatal injury (rate per 100,000 workers)",Male,35 to 44,,,,,"Averaged rate per 100,000 workers",Units,Undefined,,1950.0
2002/03,"Non-fatal injury (rate per 100,000 workers)",Male,45 to 54,,,,,"Averaged rate per 100,000 workers",Units,Undefined,,3870.0
2005/06,"Non-fatal injury (rate per 100,000 workers)",Male,45 to 54,,,,,"Averaged rate per 100,000 workers",Units,Undefined,,3460.0
2008/09,"Non-fatal injury (rate per 100,000 workers)",Male,45 to 54,,,,,"Averaged rate per 100,000 workers",Units,Undefined,,3090.0
2011/12,"Non-fatal injury (rate per 100,000 workers)",Male,45 to 54,,,,,"Averaged rate per 100,000 workers",Units,Undefined,,2230.0
2014/15,"Non-fatal injury (rate per 100,000 workers)",Male,45 to 54,,,,,"Averaged rate per 100,000 workers",Units,Undefined,,2460.0
2017/18,"Non-fatal injury (rate per 100,000 workers)",Male,45 to 54,,,,,"Averaged rate per 100,000 workers",Units,Undefined,,2140.0
2002/03,"Non-fatal injury (rate per 100,000 workers)",Male,55 and over #,,,,,"Averaged rate per 100,000 workers",Units,Undefined,,3580.0
2005/06,"Non-fatal injury (rate per 100,000 workers)",Male,55 and over #,,,,,"Averaged rate per 100,000 workers",Units,Undefined,,3050.0
2008/09,"Non-fatal injury (rate per 100,000 workers)",Male,55 and over #,,,,,"Averaged rate per 100,000 workers",Units,Undefined,,2670.0
2011/12,"Non-fatal injury (rate per 100,000 workers)",Male,55 and over #,,,,,"Averaged rate per 100,000 workers",Units,Undefined,,2430.0
2014/15,"Non-fatal injury (rate per 100,000 workers)",Male,55 and over #,,,,,"Averaged rate per 100,000 workers",Units,Undefined,,2370.0
2017/18,"Non-fatal injury (rate per 100,000 workers)",Male,55 and over #,,,,,"Averaged rate per 100,000 workers",Units,Undefined,,2050.0
2002/03,"Non-fatal injury (rate per 100,000 workers)",Female,16 to 24 #,,,,,"Averaged rate per 100,000 workers",Units,Undefined,,3050.0
2005/06,"Non-fatal injury (rate per 100,000 workers)",Female,16 to 24 #,,,,,"Averaged rate per 100,000 workers",Units,Undefined,,2670.0
2008/09,"Non-fatal injury (rate per 100,000 workers)",Female,16 to 24 #,,,,,"Averaged rate per 100,000 workers",Units,Undefined,,2480.0
2011/12,"Non-fatal injury (rate per 100,000 workers)",Female,16 to 24 #,,,,,"Averaged rate per 100,000 workers",Units,Undefined,,2220.0
2014/15,"Non-fatal injury (rate per 100,000 workers)",Female,16 to 24 #,,,,,"Averaged rate per 100,000 workers",Units,Undefined,,1810.0
2017/18,"Non-fatal injury (rate per 100,000 workers)",Female,16 to 24 #,,,,,"Averaged rate per 100,000 workers",Units,Undefined,,1390.0
2002/03,"Non-fatal injury (rate per 100,000 workers)",Female,25 to 34,,,,,"Averaged rate per 100,000 workers",Units,Undefined,,2350.0
2005/06,"Non-fatal injury (rate per 100,000 workers)",Female,25 to 34,,,,,"Averaged rate per 100,000 workers",Units,Undefined,,1950.0
2008/09,"Non-fatal injury (rate per 100,000 workers)",Female,25 to 34,,,,,"Averaged rate per 100,000 workers",Units,Undefined,,1750.0
2011/12,"Non-fatal injury (rate per 100,000 workers)",Female,25 to 34,,,,,"Averaged rate per 100,000 workers",Units,Undefined,,1690.0
2014/15,"Non-fatal injury (rate per 100,000 workers)",Female,25 to 34,,,,,"Averaged rate per 100,000 workers",Units,Undefined,,1460.0
2017/18,"Non-fatal injury (rate per 100,000 workers)",Female,25 to 34,,,,,"Averaged rate per 100,000 workers",Units,Undefined,,1600.0
2002/03,"Non-fatal injury (rate per 100,000 workers)",Female,35 to 44,,,,,"Averaged rate per 100,000 workers",Units,Undefined,,2500.0
2005/06,"Non-fatal injury (rate per 100,000 workers)",Female,35 to 44,,,,,"Averaged rate per 100,000 workers",Units,Undefined,,2190.0
2008/09,"Non-fatal injury (rate per 100,000 workers)",Female,35 to 44,,,,,"Averaged rate per 100,000 workers",Units,Undefined,,1900.0
2011/12,"Non-fatal injury (rate per 100,000 workers)",Female,35 to 44,,,,,"Averaged rate per 100,000 workers",Units,Undefined,,1560.0
2014/15,"Non-fatal injury (rate per 100,000 workers)",Female,35 to 44,,,,,"Averaged rate per 100,000 workers",Units,Undefined,,1340.0
2017/18,"Non-fatal injury (rate per 100,000 workers)",Female,35 to 44,,,,,"Averaged rate per 100,000 workers",Units,Undefined,,1200.0
2002/03,"Non-fatal injury (rate per 100,000 workers)",Female,45 to 54,,,,,"Averaged rate per 100,000 workers",Units,Undefined,,2920.0
2005/06,"Non-fatal injury (rate per 100,000 workers)",Female,45 to 54,,,,,"Averaged rate per 100,000 workers",Units,Undefined,,2720.0
2008/09,"Non-fatal injury (rate per 100,000 workers)",Female,45 to 54,,,,,"Averaged rate per 100,000 workers",Units,Undefined,,2530.0
2011/12,"Non-fatal injury (rate per 100,000 workers)",Female,45 to 54,,,,,"Averaged rate per 100,000 workers",Units,Undefined,,1780.0
2014/15,"Non-fatal injury (rate per 100,000 workers)",Female,45 to 54,,,,,"Averaged rate per 100,000 workers",Units,Undefined,,1970.0
2017/18,"Non-fatal injury (rate per 100,000 workers)",Female,45 to 54,,,,,"Averaged rate per 100,000 workers",Units,Undefined,,1570.0
2002/03,"Non-fatal injury (rate per 100,000 workers)",Female,55 and over #,,,,,"Averaged rate per 100,000 workers",Units,Undefined,,3180.0
2005/06,"Non-fatal injury (rate per 100,000 workers)",Female,55 and over #,,,,,"Averaged rate per 100,000 workers",Units,Undefined,,2680.0
2008/09,"Non-fatal injury (rate per 100,000 workers)",Female,55 and over #,,,,,"Averaged rate per 100,000 workers",Units,Undefined,,2210.0
2011/12,"Non-fatal injury (rate per 100,000 workers)",Female,55 and over #,,,,,"Averaged rate per 100,000 workers",Units,Undefined,,1850.0
2014/15,"Non-fatal injury (rate per 100,000 workers)",Female,55 and over #,,,,,"Averaged rate per 100,000 workers",Units,Undefined,,1930.0
2017/18,"Non-fatal injury (rate per 100,000 workers)",Female,55 and over #,,,,,"Averaged rate per 100,000 workers",Units,Undefined,,1700.0
